user_id,email,password_hash,user_name,gender,birthdate,phone_number,created_at
1,jeongsugcoe@example.com,9a092fa77f571c31393d2491ceda68294911b832d6ad77d0a726c234380c3b56,노미영,MALE,2001-05-24,033-339-2696,2021-02-20 13:14:01
2,gimyeongceol@example.org,a223e787d524b80ea819f076ab36623c15eb74df47e263cc9f9865a7c2e7588e,이영순,FEMALE,1998-03-03,055-427-9035,2025-03-24 09:23:05
3,jsim@example.com,11495b6419663beaf475d90d93015fc18dd9decb51364f405bd443977e4ba89c,강영식,MALE,1988-09-07,033-021-5706,2024-06-07 07:19:17
4,eunjii@example.net,b2d2cbd2544cbefe0781a6234601a4305c7523613f433da67cedba44cad1ac40,김병철,MALE,1993-08-07,042-558-7823,2021-01-13 08:19:18
5,iseongmin@example.com,f86b2af7a4592ccce8c7d658282be3e5b46f7096bba7bf1fb8d3bd84300f5dc3,한서영,MALE,1984-09-10,017-131-5000,2021-06-12 02:49:37
6,seongmin72@example.net,4f03f11d004f4d77c1f8a430b9b6fbcdeee554bf5122e81c059a4abc4131736e,김도윤,MALE,2001-07-19,033-829-2927,2021-08-28 12:45:56
7,yeongjinbae@example.com,92a8a0467f5960adfd1f7b5760ee23da4603829a2215a6a01b0da509c89843c4,이준호,MALE,1989-03-08,011-463-9228,2024-08-30 02:20:55
8,borami@example.com,0045930c9dd5dcc6570e06c448785fa7b29aa24cef799f4cf97c9135cf4ce35c,심준서,MALE,1986-11-23,052-640-8843,2025-06-30 20:23:43
9,eunjeongcoe@example.net,2f860364c8152065ac729730ae7b646ced27d7f4e08329046563c39d28bfe9b7,김정희,MALE,1991-05-20,041-580-3208,2025-01-03 04:09:27
10,miyeongsong@example.net,c9364b9dfe50517a21ed93cdce3997474673f67e2db0b1f0465bd339da4cd722,김영식,MALE,1984-09-21,033-195-0951,2025-01-31 02:06:54
11,baggwangsu@example.com,c6ebe4e74b842c1b9e0aa2a7a9ae5086998a0276340ab553cc3c5b9cdc6d0b9c,김경숙,MALE,1985-05-12,044-342-0648,2024-01-27 13:40:05
12,gimjihun@example.com,c041cf8c7e16909511e117b1e1970967bf79cf78dac875bef9365fa34c9c9a19,최혜진,FEMALE,1999-01-29,017-807-9642,2022-09-11 18:37:16
13,jinhobag@example.net,409c70167b166464b15dca3eff6f17824761a698d63d1feb91f4dd0562d2eea3,권숙자,MALE,1996-09-29,052-789-2386,2022-12-22 11:51:54
14,sjang@example.org,8302dcea78645fd55c86f77c9542c9d62b5597b7cde23204d35d89c783e965ea,윤예지,MALE,1998-10-19,055-633-6132,2024-01-12 19:26:01
15,egim@example.org,9e647987ab070e977788100d18525004eb947f05ade05458212ff005e58190a2,김영환,MALE,1996-01-25,062-328-3903,2020-06-18 04:16:39
16,suminju@example.org,662614269140c2926fc564f7eed2d65094cc5be936655beb283e21a19c2a8645,김재현,MALE,1998-04-06,044-470-0447,2020-03-02 03:58:11
17,seonghyeon17@example.net,c01d390febc86558e9f3967941c3c1f53c5c97299ab17bd5edb36020a665b509,최은경,MALE,1991-11-29,070-9965-7200,2020-05-18 21:40:25
18,ni@example.net,dc0dfbbdbd5a2b03ca64069585789c9f156400ea13940f9db59598f3152629cf,이현준,MALE,1988-10-25,016-545-5640,2022-12-27 10:49:18
19,eo@example.com,f59e6a3553e3d2d871e84ccdddca7206dbc436a1636df35f466e49d77ffae326,박예준,MALE,1997-04-28,070-9921-8107,2022-08-29 14:49:04
20,eunjubag@example.com,6a61432628bc22b4cb8cb14f036e160f8ea6f3c8bffcb2991e124e04833cf124,이지아,MALE,2003-09-08,010-2786-4179,2020-09-14 14:16:08
21,ugim@example.com,cbe50de8a95406fd798bbcc1506399817204ec7fa2d870a57fedc91f0c5f605b,권중수,MALE,1987-12-29,016-724-2425,2023-05-12 11:10:17
22,jia51@example.net,d065f318b0e59ed8fc6404317ae2822426d430a03f40288cc24df96b542a0378,이종수,MALE,1992-02-16,063-954-9310,2022-05-05 02:23:31
23,ijaehyeon@example.net,3f1b52c31a24cf830844fe6b99afafad299d3fedbb8b9669f9019be8de132891,오광수,MALE,1998-02-14,031-688-2923,2021-11-11 22:46:38
24,myeongjagim@example.net,113e90807250acbe2ea56a35f9196b6fc06c55d90856772d4fe70888922455a5,박서영,MALE,1997-04-08,070-4077-8301,2022-01-25 06:12:31
25,jihye72@example.org,6ede0aa7467cd10f2ea02a527f011b556f43e58835ff7465e2338b581723d879,박민서,MALE,2001-04-02,041-159-1389,2021-06-05 12:11:19
26,jongsugim@example.com,0f4d13bec4bf672d83842ac30b5063cff545b88159d091fb956cabaa8b1d25d8,남정순,MALE,1996-10-08,044-163-1895,2021-12-25 16:03:40
27,jeongsigyang@example.com,92c83c8631a16087d2a8b99040ebaec9018f045d1da1c923736ff3a4b94a6114,권지우,MALE,1991-02-13,054-423-1290,2022-11-06 18:00:24
28,igim@example.org,92c2525bb1ce61eaf5304286fa8cc55d95be244ba4258d541e9b777d592ff22b,이성호,MALE,2005-01-25,052-157-2829,2020-11-01 00:46:35
29,jeongja95@example.net,f3ea6c8d4fab016ffd57863370e91f39ffd50edf2da72b06ce186cb5c44889d2,엄진호,MALE,1998-09-07,032-192-6798,2025-04-12 14:08:51
30,sonjongsu@example.net,9fb3ddca669459cd09ab058d4c0a9d68277e953dd28123c8326f4b17c9695202,민현준,MALE,1984-11-15,063-805-5103,2023-10-18 05:33:51
31,ri@example.org,f6d8585f9a05e08567f97630d2a19ceb73a5482d19c6dad17f061849fd784bf2,김은주,MALE,2001-10-11,033-534-6154,2021-04-17 13:02:30
32,jeongsugim@example.net,b6424edc4252422dfb262e25c0ac6369dc284d3c666bd79079108eb012be48f2,이상호,MALE,2003-05-04,019-829-4670,2020-12-29 00:12:04
33,eomseongmin@example.net,79b6aa2127e64783fd94e443cc70ece63a318d1b362ee033322b65f455654b12,오영자,MALE,1988-07-19,044-820-9765,2021-01-19 10:09:45
34,wi@example.net,e459f47d9998ba752d1f069124166c138aed04becd17353e3520de8d13bb0fdf,윤서윤,FEMALE,1987-03-12,052-758-5841,2025-05-17 23:02:19
35,siu58@example.com,14754c412cd9b36af6e189509978a27d84987d9b29acc4933223124c26e7d060,이영환,FEMALE,1991-07-11,011-987-6624,2023-01-14 05:27:17
36,minsuan@example.org,403013d575397f8bc27887d364a39c33bcb392e85263a6f6cd03809a7db5ea2d,김준영,MALE,1997-12-06,033-009-4803,2022-09-06 19:48:05
37,seoyeonbag@example.com,a4e5d11ad75d138b442558bcc6c8b3c546f0a84d6e3e87a84447f59b4aa340dd,신현지,MALE,1988-08-08,02-5260-6433,2023-11-26 20:13:28
38,minseoggim@example.net,b24a0afbd05e21599d91a32c931a53e9d3d1230d9ae598646b07c5d551fe654f,안아름,MALE,1988-01-24,016-610-9230,2023-01-26 14:30:27
39,yyang@example.org,7af2de6c3e5789c1637155ff4e2903fb2cf7b967dbd679fd5bc6f2d280e5947c,유영희,MALE,1998-02-13,033-304-0749,2022-01-28 05:39:51
40,gimogsun@example.org,e6d7849480aeebcf651dee28fe347b1cface3c26d6e5fbf88a7dd773f2833941,이수빈,MALE,2002-04-03,042-157-9438,2020-10-13 03:21:59
41,yejungim@example.com,6e2fc7bde848d56f48f511e74f7321721781a7b04557c1ecf35e31fc63b1c371,류정숙,MALE,1998-04-14,054-065-5769,2020-04-02 22:27:13
42,yeongil36@example.net,0d5bfc6640f36bb8465a5c638ef2a5ad010c85ab2e5050eee45bda89214176d0,남광수,MALE,2003-06-04,064-753-1662,2023-07-08 03:28:23
43,jeongsugi@example.net,f9f0865a1a5562747c3ef936dd413a0b20bd2648ad39cd97bdf65b4cfaa17113,박영숙,MALE,1998-03-07,032-562-5651,2025-06-05 08:03:02
44,gyeongsug44@example.net,f08ab6f95e60e8fecbbf515cf0ddd9248436394042fc039e4572359f9d165fab,이정호,FEMALE,1994-04-21,043-234-1109,2021-07-17 15:55:17
45,ri@example.com,73268363fa191ca47cc507ca25d71c7503c9ebf38cd7634294397cfe801cde4a,이예원,MALE,2005-05-21,010-6567-8348,2022-09-14 15:05:05
46,jeongja11@example.com,4f6da496ac6704ec77242873dfb43c34aebacf9326e211ec979e10f74700d970,이진우,MALE,1995-06-14,033-925-6296,2021-11-16 11:50:20
47,eungyeonggim@example.net,17ea5057fa020d2aeb5480ebcdc25745553a2706db232cdad5ae88eb42727f0c,박상철,MALE,1994-02-14,032-771-6408,2025-02-27 18:15:48
48,jihyeonjeong@example.net,fcd7f3ad57e7fae377380a802e4ef4dd273fe7e2f0947d53763acf09da6db02a,김영자,MALE,1998-04-14,031-598-7823,2024-02-28 02:34:16
49,yyun@example.net,b75cee42543d08ed7741922bbad6079b2b2a0f0efdc58294aa36ceba6cb81d70,박정남,MALE,1989-09-10,051-906-6225,2024-03-19 23:13:05
50,seonghun30@example.net,7be097d46832c6928c166596ee8292ecaff0d4b4b63d2af5d17667de024e7aa4,이재현,MALE,1997-11-18,054-424-0387,2023-07-12 04:32:23
51,dohyeongim@example.net,960fe5acffb12716a885aa74b42fa71d4664df912d756a3f7fc21d83c53e9163,김미정,FEMALE,1985-02-15,019-624-9961,2022-10-03 07:15:40
52,rno@example.net,f2468c856a1018b15b075c95b605d4a85e43e43cd331b0cecb57688e53ba2c2c,성준영,MALE,1985-01-12,031-632-0065,2020-09-26 05:34:40
53,seoyeongim@example.com,c99c9194c8abaf84fb0ce6774d9257a2f777a4cc9b5da85043969fa347cb4731,김순옥,FEMALE,1987-02-19,041-885-6704,2021-01-10 03:22:06
54,gwangsu55@example.com,558e96b27d0475252fc040bb6539c7d6fc8561509c3183ed0bf68dbfbd407e11,박옥자,MALE,1996-06-11,033-932-1034,2022-04-28 03:01:31
55,zgang@example.com,c75fde2263095c5c6d2a6a311a9cc4a501fa4799ed931fa10d243538d6bd4edd,송서영,MALE,2001-10-15,064-783-5915,2025-01-15 17:56:09
56,lseo@example.org,1b146620d9b9072d123ab33ca0640fa4f3f7a8b786b4b661129dee3acba88011,김성진,FEMALE,1987-02-07,053-195-0631,2021-07-06 07:12:08
57,boram77@example.net,02e6e3962aca3e739d6126b10ff7da5ac84c301214bdb4fcd95b274cbf0654fe,김지원,MALE,1999-01-29,016-668-2161,2023-02-06 10:26:01
58,myeongjai@example.org,0afc163d1ee545fa9467ccd18255a5aefffcb01a8d4ff334f2190c5ac8727e1c,김정식,MALE,1990-11-06,019-918-2729,2020-05-14 19:35:38
59,bagsangceol@example.org,cb5d24c0554009b8abe9ca683da09e171e5ee078189be9ae42751f73b88ad8c9,이경수,MALE,2004-03-24,031-454-4676,2025-07-04 07:41:45
60,hhan@example.net,c27bc437ffad078b7180a6429800743c697a2401e3a35217bcfaef1b8c6427de,전하윤,MALE,2000-02-01,033-072-9839,2023-05-15 17:50:24
61,ai@example.net,9498ba0ab50f8c3b14a5c12dcdeebc96d87e0ed7c536cf50c20fc06057032f9c,배민재,MALE,2005-05-28,064-720-8724,2020-06-23 00:34:44
62,jeongsugi@example.org,ec692cd3e1dbdf9b440dee90af3e7218e921f5a8a5e7cf80199192706b5eaf03,황시우,MALE,2001-08-19,011-864-4435,2024-09-26 15:42:59
63,gimjiweon@example.net,6318f302ab07512626f789295b89c398f29702ecf664b6157f314e7c6c64818c,박영순,MALE,2004-01-21,070-1198-2560,2021-12-05 00:43:09
64,hjang@example.com,5eaddede696c27b649512fdac1e5b1888af385a458196088e7123c891fc57cdd,김성수,MALE,1993-11-06,052-241-5514,2021-10-31 05:03:31
65,mijeong63@example.net,071764d318d884184ffca6d491dde6a051a957f9e7bb3e436bbc4df93a7d2d15,박예진,MALE,1995-10-25,061-982-1165,2022-05-26 17:57:35
66,coeareum@example.net,96be73fcfe7a60c8bddafd9f78d1901c82d6f8962a89cd84e336dbbf437075f3,남상철,MALE,1987-03-19,02-4923-0608,2022-05-30 18:38:16
67,jeongjeongsun@example.org,da7eadbddc46d32843cc09fd9331f6167bffda6b3b9e0f201803c1c3a627b932,홍병철,MALE,2001-05-03,031-307-6098,2022-03-24 12:39:18
68,jiyeong44@example.net,768a66a4acc22b2fe2c46c3733fb80737e04cc525340d955849fb3b22576e2ed,김예원,MALE,2001-12-05,017-717-9143,2022-07-03 16:05:15
69,jangeunyeong@example.org,bc65589a830b4aac7ce8ed9acfa1a7ae75b419a1d3c2caee01ddf994b3860d47,이영미,MALE,1985-12-12,070-1428-1934,2024-06-01 18:51:08
70,gimeunju@example.com,be8422ce1980ea1babad44f53226c097a04662477663f2d530433c75ae3b618a,이주원,FEMALE,1991-01-26,053-859-6983,2021-04-29 19:01:20
71,gimjeongung@example.org,17411bcdbb08d8a52575134c9fdf2ad15cc88a69558e9fdedf9d281155fff8d4,이옥순,MALE,1998-12-23,054-024-6434,2020-02-07 23:12:23
72,yeongilbag@example.org,9b1ecd07744169f95642bd27369cbcb8f246c606039a54052bd7aa3bdfd698a2,김성수,MALE,1996-06-08,042-101-8106,2022-02-24 12:04:51
73,yeongjin90@example.net,1bf523be21beba3a4dae3cf8e20478ba3f4e9e07f3743b774acf016ab2d95f6b,이성현,MALE,2002-02-16,011-274-2864,2021-12-18 14:34:26
74,idohyeon@example.net,35449c32f4300960b9cf0cbfa7bcd294369eb18b677e1e6870ceb4e21d354ffc,박동현,MALE,2002-05-19,064-752-0578,2025-05-12 18:02:41
75,aheo@example.org,c7f859091e86df9f29783e2d7b7b62194cfd8e64d19593dae0e2ccb2c1fec328,권재호,MALE,1988-11-18,044-103-0327,2022-07-24 19:53:48
76,coesujin@example.com,c8c22f96f282d4a3943616e132515cb857b66ac073327e8b7d888a9703b5d722,손상호,MALE,1985-06-23,064-791-2571,2024-08-28 17:44:50
77,yeongjini@example.net,7be0b55b53dca6466b4223a66b9f12e9143f1b39bdd5dfe457f3c66922237bfe,주지우,MALE,1986-03-25,041-743-7062,2024-02-15 03:44:37
78,jiuyang@example.org,d4494dcc3423981bbd1cb7ac89487aac7a6e81f0c29ed7017614367157b44074,이광수,MALE,1998-01-12,017-651-8182,2022-04-15 18:27:46
79,imeungyeong@example.net,c22c6d36264b5558ff57343e4cf373d62350f8c6355d71feb08583ef77814846,김현지,MALE,2004-08-12,054-292-0675,2021-05-03 02:19:39
80,minsu71@example.org,f790c0081d10a5d5169976c1341c68cc44d7c168c190dc50d03d1cdd9be4230b,박정희,MALE,2003-10-28,033-008-3489,2022-03-13 19:38:06
81,sanghoo@example.com,ea0039157efb05de056b8718678aa4379f429c064cb9814201df979c09624388,오하은,MALE,2004-07-21,053-638-1113,2021-09-06 19:48:08
82,gimhyeonjeong@example.net,dc4fa0dc62756075426ff9735f709090c7a28e733c64ffeff76ade1ff045cecb,오민서,MALE,2002-09-19,017-227-6485,2023-01-10 17:45:08
83,soneunji@example.net,68f3f7dc7074a0bafa33a3e682b8dfd72200e5d5f0fcc3cd149584ab95edb008,김지혜,MALE,1985-05-30,051-975-4895,2024-11-11 01:10:45
84,to@example.org,412d2f6edba062592907991288296c914da0fecc8593e82a07881cc644b34160,황서영,MALE,2000-02-09,016-245-9955,2023-07-04 22:42:33
85,seoyeoni@example.com,f54ecf26cc222a935f71aa382ff27796269bb65d0164a4090ca7954c3bd078f3,류주원,MALE,1986-08-22,061-481-6311,2021-03-16 20:09:02
86,jieun51@example.com,218152defd471668cf243840dbb38012068b7562272b8498544434c35c2d995d,김건우,MALE,1987-07-23,055-611-5234,2023-05-06 00:07:37
87,anseongmin@example.net,f6e982ff39b4f55c39f99a1bdc336ee34ebe5fdb85c0b33bbe3ec875fc4b1c6b,고지민,MALE,1994-02-25,061-936-6254,2021-04-24 08:11:07
88,yunjeongsu@example.com,00607f15c165b1d5e0f80db157b70064900a45c55d71ffee4e48df7db90e33b7,이진우,MALE,1985-06-07,041-200-7038,2025-02-15 10:16:44
89,eunjeonggim@example.net,76c4c3a1f574154a11af7a407754cfeb7975cae1710a352f431baf354bc512d9,김영자,MALE,1988-10-16,010-5797-0719,2022-11-20 18:12:59
90,seungmin33@example.net,a49e0837db86ae6f6b09eb56b3ca8ea94795174f461e47fd570891f8a16c3101,이지훈,MALE,2003-06-21,033-497-8174,2025-06-15 21:07:23
91,gimyeongil@example.net,4a50186f1ee57a0e8b243fdaddcc30e9cb6e1e08fe011d13ef760196c132bb7e,이정남,MALE,1991-01-07,011-927-1994,2023-10-15 05:49:28
92,minhyejin@example.org,65bbe5853a3b9cd1bd7f1f32dab72eb859357a85796165ec181383c3baf52941,송성현,MALE,2000-02-17,062-158-0483,2025-05-23 12:42:22
93,areuman@example.net,f9b3244ae83bd653e5dc98cacb6f4eaf3f46572f2e2d23a67bdae3380a7a3521,최영진,MALE,1991-02-21,02-2903-7344,2024-08-17 12:43:23
94,pryu@example.org,24b7e156b7162ed20ef0d8cd20c6d8c431e59ffa501f9da7fc1e2717396c2b32,한지영,MALE,1986-03-09,017-692-2113,2025-05-01 17:56:02
95,pi@example.com,c55a7d5c6a5e11afc2b73016ed58b71d437ed2beaed6de3ad24d0cedbc0e8db4,안민석,MALE,2002-08-31,042-105-4537,2020-12-18 00:11:58
96,sgim@example.com,9ffd704ab65873a5219186b7794d764fb7e00bf21379bd4fbec16578ecab1585,윤우진,MALE,2000-09-19,054-123-2944,2024-10-16 21:02:50
97,egim@example.com,2166875c347fee1f3579d1f51093412cf435b30dfcc1f8680af2063d30924c39,김현숙,MALE,2004-05-07,044-876-1230,2025-04-20 02:47:27
98,jeongho60@example.com,277eef4491e062a92d924b0bca639445acdcce0fb8f6a91e94c72bbfb7782d35,김예지,MALE,1997-03-27,062-943-7742,2024-12-16 15:49:31
99,bagjeongsug@example.net,c6b9587213aee2d6334c00f06f3d7d12634cf4c778cbed80a1bb44246d38830a,박성수,MALE,1988-12-02,064-752-6272,2023-01-20 18:43:33
100,ono@example.com,27fad198e8904f6700f9bcf1029cb53248d8bfdb9b0fe2187b66495c637f8154,김성진,MALE,1991-09-26,044-542-2376,2021-08-27 10:44:04
101,hyeonju91@example.org,cb64c991b40abeefc82efff335b967295b338de0f51ccd69922d24a0f5727409,박정남,MALE,1987-04-14,043-770-4465,2022-02-22 11:54:51
102,eunseono@example.net,735950ade5af320e688330a419a194bff08f768f46835b7909b7cae8907d2363,김승현,MALE,1987-04-24,043-115-7822,2023-10-18 05:32:49
103,gimmiyeong@example.net,085125bf3181da032b676117855724bdfd3a322625a1bf93fe6a0112bbc142aa,이중수,MALE,2001-02-05,053-039-1242,2021-02-04 12:44:48
104,gyeonghyigang@example.com,80783468f13eb2eacc341d48c595406ff011aed1d35ea9947a56447c12ce7456,김민석,MALE,1987-05-28,055-878-4898,2020-01-27 05:55:49
105,sgim@example.net,30a571e9cd88cdd7d206c2eaec0d176b095490a127ce4eeb81655e1729658a5a,김미정,FEMALE,1987-10-24,064-755-9730,2024-05-29 13:40:01
106,seongjinsong@example.org,d04ceee06bb73ede0fa0aa1d365a39491b81564cfa94060f0086c8be4593246e,윤정자,MALE,1988-11-19,018-598-3563,2024-12-17 17:30:28
107,gimjuweon@example.com,b961e38289e091df3d32f30f2f0a5b1932ca25bcd550921093465d8671c44345,최은주,MALE,2002-02-24,043-918-3259,2025-03-21 04:48:19
108,yejingim@example.net,5675f2400e2344bf7775d5d794f25c2f43bd283e2b438c570eb9870a839efb81,김영희,MALE,1991-06-06,02-6439-8695,2021-07-13 18:44:30
109,minseogim@example.net,7009df9e5370769f93cb012df0e81e5b6a037c0eabcdb7248d1760cd6a518c10,이서윤,MALE,2002-08-20,031-157-6325,2020-09-01 07:53:10
110,jiyeong64@example.org,0bd74061f216a902222643d03b1d51916c59bd86491cff179a64d1df1e77ed2b,곽지민,MALE,2003-11-05,041-945-8009,2020-07-09 12:01:23
111,gwangsui@example.com,ec9c37490c63ca330f71a763a9fb444318b7dd853a64f767d400b9837ccf941b,김현우,MALE,1985-06-20,062-489-5853,2023-05-08 06:55:29
112,abag@example.net,7dedba62c651c63c464bb1783842ec4717a2f689edcbfd6329ab4b605abafde0,박민서,MALE,1986-03-05,054-269-9284,2025-01-11 18:45:59
113,dhong@example.net,dd11fa967ed73350554bb59ede7436ce3092222cabe4704e3305a9a3e614b54a,신정웅,FEMALE,1994-01-13,070-3002-0353,2025-04-25 00:21:16
114,yeongceol66@example.org,38e07a118fb5e3ae02277643b4b575646e61ef77ff840f14b8bdadfe5a08ac7c,김옥자,MALE,1986-01-17,063-686-6964,2021-12-30 11:46:53
115,minjae02@example.com,ec3862b2789be444819ef3ff93ad0b60c57397d80125cb1eb91fdd1a3d40e022,김지영,MALE,1991-01-20,061-635-5163,2020-08-20 05:58:36
116,ugim@example.org,f38951d650c185813b2006ad61385eaf5f851d664854f1f2e2132dfaf75f9083,김승민,MALE,1987-12-22,063-677-8413,2024-07-22 14:28:15
117,gimseoyeong@example.org,67553e0c856eb567f312baed8d0b652e5fafeb5a96b5997baaa919bb62487361,김은주,MALE,1994-07-15,042-175-9121,2024-09-11 07:45:15
118,yeongceoli@example.com,239893e7fda4bc2ec8fa750dd90ba434102063b8bd580ebf3818ca05d4674e4d,이정남,MALE,1986-12-13,032-259-8330,2020-09-17 16:27:07
119,jeongsunbag@example.com,51e672aa2a645476542f51db504da08dec829022056ae9da53ea252d0297c644,이영자,MALE,1997-07-29,042-386-6099,2021-07-29 03:06:20
120,subin08@example.org,afe4d9b21eb14d709f2cd9cab49d7f26adf6be5853748deb608cbf43ad75c541,김정순,MALE,1994-04-03,019-182-7418,2025-03-26 18:07:40
121,minsugang@example.net,7d6a603b3ee2a58a4934f351848bec199d5981355b24af15ac86b98fdbfb3d9a,심예준,MALE,1994-03-02,054-548-4110,2020-03-10 09:53:59
122,siugim@example.org,6f56825184246bbaf846186cace44ba8aea368c70188cb8111be5e799a3dcbb1,박도현,MALE,1993-01-13,031-479-6524,2023-07-04 06:07:47
123,gimsunja@example.org,155ec400867027616a9711bae65b26c62d92872c9774ffb51fccc1dbcbadeadb,이윤서,MALE,1992-12-26,044-779-7123,2023-09-26 16:41:03
124,hyeonjii@example.net,6106199a2fb7c9ffcc9a83d218801a03170528e1068cc1ed66ec0b1419b376cd,최순자,MALE,1992-04-27,051-624-7426,2020-08-27 08:21:55
125,seoeunseo@example.org,cdeece4c013f4cebdf558727be348cfdf86a6050e9610bfc9047fa5ca979d887,류민준,MALE,1994-01-24,064-726-8391,2025-07-09 12:43:08
126,gimjinho@example.org,f3a26a046bf0c1e5316040c7c107d1a7604a3dac5833110edd5d76e6d757c472,이은주,MALE,1994-09-16,010-7119-7087,2023-02-23 15:06:02
127,ngim@example.net,169f374eaabf676f2eaddf1411cb5176dd8186f8bdf0e23b13cba4ff491a5ed2,김은정,MALE,1992-09-30,031-750-9832,2020-05-14 20:46:03
128,lcoe@example.com,e5e936c3464f9de21b29d41633cf8e9b5492a267b5bb6da451410c67b61f3ebe,김현정,MALE,2002-12-06,055-041-1957,2022-12-28 22:00:30
129,ihyeonju@example.net,0985f13c08dac42ffea2692ad265406906b54b88a5f0e35de6095e26e73ac1b2,이상훈,MALE,1987-11-17,061-994-6647,2020-03-18 03:03:24
130,gyeongsubag@example.net,6b1475c536472587f1b22489028962be3fd549a5f8c5fbcdb246ffa34de3d36d,이광수,MALE,1991-03-08,011-269-6227,2024-03-17 00:17:09
131,ksong@example.org,aa576702ee504a5c5589bff0d811bd2f0b34cca3ae294d84a6b06b4c6e081703,문영진,MALE,1999-06-19,063-278-1824,2025-03-18 19:51:01
132,hanjiweon@example.net,cb236d2cafd2c6935f0a71b42ba2a5fccea09db6f8b21de40cc614c86a3606c5,안영미,MALE,1987-08-18,017-781-3510,2024-10-04 16:39:00
133,seoyungang@example.org,6c6e1490f330c87c15b1661141914c71db818d115d78a84b0869b9eb942742d1,박성현,MALE,2002-10-29,010-0767-0658,2020-12-22 03:25:30
134,gimjaeho@example.com,a3465111feea4da89c1e383cba03d75f11b98ccaa35417df36befbbb5ab9a56c,박중수,MALE,1987-09-02,043-378-7582,2022-01-23 20:35:08
135,ieunseo@example.net,f0632155a663be3ae44349ac9f1455acad94569e0a24ea6af7d63f966a651977,유현숙,FEMALE,1990-08-11,044-274-2680,2020-06-14 12:40:53
136,seunghyeongim@example.org,37a1825c86a9ca8264a7bfe60a4ba4646c4cabd8eeba4a9ce4de1ac9daab5809,문승민,MALE,1987-06-27,019-118-5580,2024-09-16 14:17:28
137,yeonghyi26@example.org,bebc143fff2fd45e506c6310493786c1a20633d71f2a1f09393a7ee9eba0fe61,노민서,MALE,1994-09-01,032-224-2226,2022-07-23 13:09:38
138,seohyeon25@example.com,5a6a9f2437fd6dfa9f1021b5e5235c779f936c417f06bd07c95fb50c3b05d29c,이정희,MALE,2004-12-29,053-473-5931,2023-01-24 02:50:26
139,sunjai@example.com,b81eb9ec72e0510844b0f1ef9440d87a95759bddc55c50e72095e516a333b610,이은서,MALE,1999-09-30,070-7492-3858,2020-05-07 16:15:48
140,coejieun@example.com,a82146c038c695349e73b4ecd9812c925e91ae820d4c2c40df2ba03409d8c55a,김예진,FEMALE,2001-08-12,017-052-2677,2020-07-02 23:09:19
141,ljang@example.org,b16eff3660d8baa53596eabc4e39a02ec1ed35787c2c0734f5706628904c3ca2,김성훈,FEMALE,1991-07-21,041-473-6656,2021-06-16 03:43:41
142,yangjuweon@example.net,d3637845d1142bd334a0821648f61194d2f560a632e7240330856cababcfbda8,김지훈,MALE,1992-05-09,010-1704-6635,2023-07-22 02:08:10
143,jihye43@example.org,24fd4d50c34bfdaec5ebce43e3c40c731fcc3a7c72033399d04f1d380ef35994,하서연,MALE,1992-12-14,052-707-7074,2021-10-15 13:18:51
144,seoyungweon@example.org,b5499e7dd44a36ab7ea31ef03f6113b09e135588447eca3f54e9bf87119c8f4e,송예원,MALE,1990-07-02,052-718-0684,2025-08-01 09:26:58
145,ui@example.net,c6fa3c4ae4683b85e68e0e7e68ba8ae42155d115dae7699999f689aa17dd6056,최준서,MALE,1992-05-24,064-704-1202,2023-10-07 05:15:43
146,eunjuna@example.org,a70e68b789850ea50c7a44dca5270ab120bc901cd32d37727382010b49eb223d,황지훈,MALE,1995-11-23,010-1567-3681,2020-04-22 06:26:51
147,yeongsubag@example.org,057b4413cfbe25b2afcf8d8b91884a4d57aa105fc7cce93fffc09a285ac427b3,김지우,MALE,2000-01-23,019-341-0917,2021-11-14 23:10:11
148,minseogim@example.com,e728f2dd6ab8959d92d12384e4b4b078e24682947ffe9023b0bb59267f2835a1,안병철,MALE,1999-05-20,010-7483-5917,2024-07-13 17:58:29
149,eunjeong75@example.com,f3840f56fdde80173bc139dc6d5ce10f4b357e19b16036a767290b5bdac727b0,김영환,MALE,1999-05-05,032-850-8748,2023-10-31 16:40:55
150,kcoe@example.com,ee1cd965652adf8e172e5b2e00a02e21448f8f8e1d3ad3e41c2b1cd55f1e129b,권민수,MALE,1999-04-07,055-802-3197,2020-10-09 16:32:09
151,yejinjang@example.com,c0c59a39c9be7ab1a83bc423054b388327f1170f3254fa303304a60d58abc7b0,김정수,FEMALE,1991-12-15,011-690-6217,2021-12-23 01:06:31
152,yeonggilbag@example.net,9d7f77ffd3d983d1cc54bedbeb7dcd8a73d62d3f74e681b506747fb31cbf0ca7,오지은,MALE,2004-06-09,053-587-1204,2022-05-11 10:20:36
153,iseonghyeon@example.org,c03eb86379c272321615c323942f7c61feb9155df82ff10e15b68076c268c10e,손성진,MALE,1998-03-09,052-435-9871,2022-10-02 17:42:15
154,gimjihun@example.org,72bd38c20fbd5457b23b1659ed759ae3e16b4aff95abd683a51d489362298cd7,김병철,MALE,2005-08-04,054-450-6463,2023-02-03 14:21:08
155,jeonghyio@example.org,f0e67c0f7ba080ce54cb7028a76d8ef01985929b57487b67a360689b4bae073c,최순옥,FEMALE,2004-05-10,062-561-5052,2020-06-10 06:57:19
156,isunja@example.net,972210c3f8a490b1f372e4e58f8f101bb095558ab759eeb5dcd0fdef377667b9,김진우,MALE,2000-09-07,070-9322-5801,2023-09-07 15:35:12
157,sanghun51@example.org,afd1542bbb3dd4aea3899466e1f9e7e03ba72e7770e578bab19d99e6af2bd456,장지훈,MALE,1991-06-28,010-8053-1201,2024-12-07 12:16:33
158,bmun@example.net,35d4a847c3c13b768163a6164003521484900430f9cb585423a3bb91aa80d732,송서준,MALE,1999-05-24,019-022-0059,2020-08-30 16:11:28
159,caeweon34@example.com,3cd8b2f6ffcc9af610c4c8bb47985eaab2175b7ccc9fd5ca7e3b7a8fe65ac716,김채원,MALE,2003-10-30,032-416-1581,2020-01-09 19:48:33
160,jeongdohyeon@example.com,05ed3dcb061b7515eef9568cea606c8880961ed4802c7d38b3f85d9ef8bfa35e,권서현,MALE,1996-12-26,011-398-3614,2025-07-22 01:58:13
161,yujinyang@example.net,1b3d3bfeae44e8e561fabe7d683f71a6c13fb7c1ba45938cd8270d7f0cc14392,김윤서,MALE,1989-03-19,052-965-5195,2020-11-22 18:39:01
162,cgim@example.com,7fdf4fbc7b9df0c9660e3e6d919ba53b5061948e097be85423e2dbede0cbddf4,전서영,MALE,2000-05-10,02-8814-6910,2025-04-26 13:35:22
163,ujini@example.org,0830e085f6bbdd76b2396d2c7d8beaf88dda470797dfc2a95184c0ca4c0a7448,김지아,MALE,1988-01-02,02-4001-8530,2025-05-19 19:58:22
164,ki@example.org,67cf8bc849f4f9169ddb616a4ed796548a25f47b17064cd9c937d51eab0c0463,김은정,MALE,1990-01-11,063-505-4687,2023-04-14 13:54:28
165,haeun08@example.org,c794725840bb3b8d1ac269f01e3a9b1c1bd4c7a36a756b9d144175ee317f8737,박승현,MALE,1991-01-05,041-342-1042,2023-05-26 16:13:44
166,qyun@example.org,ebef12042eb3a6be2c0ed41efe7ce47242c4bfcefc732e0fc67601b4ca3152a4,김정수,MALE,1994-09-05,061-960-7618,2024-11-10 22:40:47
167,ijaeho@example.org,03d62b82c3f8875963cd67f74c60ea3b93dbb98c5673dc3c8d7a510d3be8720c,김윤서,MALE,2001-12-11,032-807-3206,2025-07-17 20:12:06
168,lno@example.net,ac48bfe7366854c26f3b1dcc0a35e043d03b9d778f968da998038e9cbb3a38a9,김지혜,MALE,2002-11-08,043-305-0868,2021-04-23 01:38:42
169,gwangsu51@example.com,2ec74a1401df0eae7023eda698b4e641c7a79e2e556e16935606b8d37d9fe9da,김성수,MALE,2002-10-12,051-278-0561,2020-08-15 09:00:30
170,jangyeongjin@example.com,6b5a8c2c12bb15327a4ff0afdddfe2bd67a9f781f88a9c3176655aca8d0bf239,김은정,MALE,1987-08-12,010-4479-0783,2022-09-17 12:27:22
171,sanghun28@example.com,ac8aa9ad4693fb631bc245a9b995fb9e95b897e4fe42d339eb28ee26193a14d8,문민서,MALE,2005-01-05,055-731-5115,2025-07-31 05:43:23
172,boramjang@example.net,c6cc796cad574c3ed74ae7f9eb25ea33237d01019049332e986c6cf15153ecd7,손미정,MALE,2003-03-01,054-500-5727,2020-05-27 20:04:31
173,iyeongja@example.org,4c8387a3226f8ffc9ac22686d73e4a376c6423c6e9a14b21f8e17d2e89296c1a,허정호,MALE,1997-10-14,062-040-0885,2025-08-04 14:39:51
174,yeongho83@example.org,bad21b45ccbfddfcdbbe6175388a456b5cf5df8342e489ba89642dfe7761e5b8,최민서,MALE,1997-10-15,044-022-0384,2024-05-31 16:32:18
175,pgim@example.com,ff3effe01deef8967c2274ace91538f63cffff6dbefeaee61da4b1971371475e,김예은,MALE,2005-04-30,02-6741-7064,2023-12-22 06:39:08
176,minjii@example.com,1d6590e50cd998df9496d85b8dd2003dd1f1fdc0c2cdec8bd554df849542dc0d,성채원,MALE,1997-01-13,043-146-0829,2022-06-08 17:58:18
177,donghyeoni@example.net,b2d106409dce30bf244249fb7a9a9de573cff6468874c90c777187b124a95527,이옥자,MALE,2002-11-04,051-497-7438,2020-07-26 22:08:35
178,junyeong93@example.com,4c75c7221798d2568e007d431718a45d85b1e35cd3bb56f3f238d6c7809e25bc,최옥자,MALE,1990-01-03,018-866-6226,2020-03-02 02:20:52
179,iseunghyeon@example.com,bdae7195ad907f33cf49ae9d51ac5a55dfdadfd1bdf65b341e186347217217ee,최민석,FEMALE,2000-10-11,070-3110-6631,2020-11-06 19:35:47
180,byun@example.net,18f63160bd74fdce0a953ef33a51b46182d68343b8d02b172171a7b7ad32e03c,홍상철,MALE,1990-05-14,033-656-0684,2022-07-03 03:28:11
181,dohyeon13@example.org,4f6da6ce64a0671d03208a864360d35574176f850d315fb28bf2cdacaa5285ee,이정희,MALE,1989-07-15,052-280-5828,2021-09-15 16:19:01
182,ojiyeong@example.net,c374d2c5697383f74e7083320ce954eaf5f6b99979958fe80303dc7a05486c1d,김영진,MALE,2000-10-15,011-822-8932,2022-09-19 00:00:11
183,coehaeun@example.org,b997d753719a1fc4d2974f1a4cfcd7ad6ea44061d24c2b7e4311d5941d4c78e9,김현준,FEMALE,1985-08-09,041-928-0300,2025-07-25 13:19:52
184,jungsuna@example.org,4bd451ab3c9e9d4e3a647cd23746045c6dae834639c546274f84debe4298fa3b,박동현,MALE,2000-06-02,070-8739-8528,2022-03-26 04:24:37
185,ggim@example.com,fbd9b0d91ca738b7e9eae9aebc60c9ba5bc26be855a9007546f8f8161c4e93f1,김준혁,MALE,1986-06-15,061-425-3076,2024-03-08 12:19:13
186,sumini@example.net,7739b78f88c32ebe87a3863f27b40065b450d2e1ac603881432332c896515350,성유진,MALE,1995-12-03,010-6667-6756,2025-04-08 09:31:30
187,pi@example.com,135e02beb36dc9a1245cbc872128913cd62bd450bfbecd406e8d51742c193beb,박정숙,MALE,2003-09-12,010-3352-1349,2021-09-16 06:36:10
188,jeongnam72@example.net,2fbf738c1187ad10699c9242ab08836d09a8f8faf7eab25b05bd75ad9ad576a6,김승민,MALE,2003-01-10,016-993-6947,2022-11-07 15:36:38
189,sujin95@example.com,a1ff0d4918957242f20677e723c2a7e809d5078c1917bfbdc74c4f10dc2c6f8c,이지은,MALE,1997-06-27,041-229-0949,2024-04-17 00:10:37
190,ubaeg@example.org,79dae030c89f775076210cd58ac1412cbf07c4db2aa29c26a0d1badda259108e,윤승민,MALE,1991-10-03,062-723-7044,2020-03-24 10:34:02
191,yeongsig42@example.net,281b59f267d93dd944dbfa53d27d0183f5f0e45741af67541fb5fd3669bdbb3f,최순옥,MALE,1993-07-28,061-703-6949,2023-04-13 07:18:35
192,sunjaseo@example.net,0dd7ca7fdd3b64ee5f27831b927c6893ed4b74dbc2b5c80206f46b1f82662f2b,김정순,MALE,1992-04-01,064-777-9832,2024-08-14 15:30:25
193,ijaeho@example.net,74cd0c4b31f4ced30dbee4adf2029e39e9b6edc6768986e227a04cb7e04a2e8f,이은정,FEMALE,2004-07-21,064-770-6860,2021-04-04 06:45:33
194,jongsu87@example.net,f1588a23ad817e9dc9bf4f72d1fd345080ee5fe3a2ec9c890363d765b99d0af0,김옥순,MALE,1989-11-16,054-258-0523,2021-12-23 05:55:05
195,yeongjaseo@example.com,ab9ba843952822b6c372b5d349f4506337180cfb4ce15dc1c679b23bedba494e,김서준,MALE,1994-05-14,032-987-5229,2023-01-15 07:24:46
196,gweondonghyeon@example.org,c0dc0abaeda64b194b90317524e3019c6f5d777f110881a11f5ca3c19c35ed05,김상훈,MALE,1996-09-05,054-128-7508,2023-01-02 12:32:30
197,yyun@example.com,029b0da45909f6d186b36d0af3b531171381e91470f28d2df62106cb50ce33b7,장지현,MALE,1999-01-16,010-5313-9700,2023-10-06 06:23:39
198,sugja70@example.com,072f602f15e5b47268a95f1b4c8e12128e012be88f77c65e53499a9d724058b3,이경자,MALE,2000-03-30,041-256-5239,2025-07-03 06:57:35
199,jinuseo@example.com,c5594bb70f2529f660b3feb813087c94e0574f038a0225a3fd5090c84eb93db1,김정숙,MALE,2004-03-26,054-689-2147,2024-11-20 18:57:55
200,seongjaeho@example.org,f9ca7d8f2a51a69e308bc11b700b7ac2e78d70dab0ea6302f51200ca24956a27,김옥순,MALE,1991-03-06,054-138-7102,2025-05-26 01:57:03
201,subin50@example.org,84a75f0c28ff4af81a50755f6e148e4be20ebb243161cb8f68b072d79fa705ad,이지원,MALE,1991-12-22,052-368-4051,2021-02-12 14:09:44
202,jeonghun17@example.org,bc234c4a3f5c39da0a37fd4b95e6eecb3e1d65fa6d02c0c9da3ba08f356e4932,이지혜,MALE,1991-10-14,032-301-9278,2021-09-05 17:03:28
203,yeongmino@example.org,fb96b855cf41a828ffe5e2ef21f0112700200c7ba40536664766d7971e6b1a66,김미경,MALE,1989-05-18,054-189-5896,2022-09-26 12:52:11
204,dohyeonseong@example.com,721e22aa6d7ada6bd21cd7a5c2bf4201e9c0cbabb0a7dc07995a07dfa8058ad2,김지은,MALE,1999-11-19,070-7818-3664,2024-03-12 08:57:18
205,zyang@example.com,7bbdeb94e37e7bc7ce693643dac7fba758bf4a906eaeb18dc22453910d92e9e6,김지영,MALE,1985-03-02,033-378-4260,2024-07-09 20:22:02
206,fgang@example.net,30178dd9ecce50460457b6e552aa1bb3fefe6bf550e29942d282ddad11f6e6de,이지혜,MALE,1995-06-16,032-174-0369,2021-09-03 10:02:56
207,hwangeunseo@example.org,0e550e3ed7e1d95a67168a7d01bf7952f037eb99eed0ad88bf9c0375e946f0b0,김서윤,MALE,1990-04-26,041-634-8906,2025-06-27 03:59:27
208,eunjeongi@example.org,b8489dd2c62d8bc2ceba35bca8cc872feaaffc480f87406350423d4ca5af8a88,김민석,MALE,1991-11-17,044-842-4014,2021-06-30 20:03:18
209,hyeonsugi@example.com,66d61937490438b09ac954e0a5046d2110ff4e38d9bf471e76c2a459dd45f0ed,권옥자,MALE,2001-02-27,063-015-1232,2020-01-21 06:07:46
210,jiweon63@example.org,78c616d0863a55e35ac66ea910f08d3e1d82d21331dd8fd272c2c8454b0a0bb5,이상현,MALE,1997-12-21,032-989-3462,2024-01-23 04:16:03
211,minseo69@example.net,d8ac94e16e64d167684cb936f361e6ad1394bdd2b93fa59e6ddb31c3fadfc77c,신예은,MALE,1984-10-31,031-641-2858,2021-09-07 18:59:26
212,gwangsu95@example.com,4253f9d779c18e974d590d11dc1f53c70a402e963dde5f93b9fa0d065a79f28e,이영식,MALE,1990-09-07,063-713-8731,2023-10-12 11:37:07
213,yhong@example.net,4696cd276e457e95c82c5c87cab6104e365bd34a8a8de6b77c9eb8655fa97cf4,조준서,MALE,1995-12-27,016-984-4342,2021-08-31 06:06:28
214,cgo@example.net,ba81e43cc11eee5304bda9b9c75aea61239099b11f6ea4d9861a9aeacccbcf4f,문병철,MALE,2001-07-28,054-963-5019,2023-12-25 16:08:10
215,haeunbag@example.com,feac58c62576b47c0d15add4bf8b02d0aee5f0b0833e0af1094ce5183b692e89,김승현,MALE,1984-09-12,041-754-3032,2023-07-06 14:32:35
216,jiuson@example.com,52aa7e3c47c86c85b1f36a924c2fe684b87bc24dfe95754dbbf6110115cf2a01,김정훈,MALE,1985-12-07,061-871-5905,2023-06-14 13:42:47
217,simyeonggil@example.org,b4deadbc4367c41fa4d7f722531e0e07cf8436bb8d5991490d8a6841dd309c6a,이정희,MALE,2004-03-29,02-8246-6678,2020-09-04 06:43:29
218,lseo@example.net,1296713c7fcbc1877d5669bc8370304446af9d129b41b1eee3ae11027630f4ca,박옥자,MALE,2004-12-25,044-654-2195,2022-08-14 14:44:01
219,sangceol93@example.net,23436c5ec56b15533b6d28355f863fbeab1f53381c5443021e0cc15f05724708,이민수,MALE,1985-02-09,070-5856-3900,2024-12-29 07:06:57
220,dohyeon97@example.org,a3d321d7a5e3f49914bec2b0d22777def2056a290478e3b01a1062e0a98f431a,김민재,MALE,1991-09-09,051-734-4024,2022-01-29 01:54:01
221,haeungim@example.com,9956b8c9ddbe5f9dde321298866e95fae752c41184a019be8bda2a33e1ce9fdd,김건우,MALE,1997-02-22,033-845-2590,2022-02-28 20:48:46
222,seoyeong58@example.net,5c6a0be08603443d98b8db29f4ea9acfb92bab141b78f970de75bfad5e7a578a,안영진,MALE,1987-12-07,055-007-2660,2020-05-27 01:35:40
223,pseo@example.com,1c56262d4062d34eab164151f6ad4eef32de6a4451a78538726e85c343007c20,진영일,MALE,2002-07-22,018-372-4475,2024-09-27 05:43:41
224,iseungmin@example.net,59d8c0a8e32155435323de315975c5fb5b9b54b531479d99141331d432753600,양미숙,MALE,1991-02-26,019-312-9791,2024-01-14 17:11:39
225,seohyeon49@example.net,debdf2d6307dc3739eb9f7be4964f61b54febccb6186289605f55617b5413654,이상훈,MALE,1986-02-02,064-769-1640,2020-12-11 22:15:30
226,dohyeongim@example.net,052e73f61cc4566368fe107adedff7e431c90eb55afbfffd4a9fe20f13194830,장현숙,MALE,2000-09-26,033-206-4138,2024-05-25 22:52:12
227,ngim@example.net,2841f39fa70f14287fad87d5887b369697f9aa8aa4454c4984f331cb08b62ae4,강승민,FEMALE,1988-01-14,063-111-4166,2025-01-22 04:54:24
228,jiabag@example.net,92c35d0ce3ebe4953273147d9a0ff9d9c960db9162ba70dc659decf77aa1212f,김상현,MALE,1990-07-20,019-299-1274,2022-02-03 17:23:08
229,anyeongsu@example.org,4054da8c330119231b64ecb3d63c374e9f82f060e834cd9ff73788aa34c845b9,김영호,MALE,2001-03-30,032-505-7053,2021-01-18 01:59:17
230,hyeonji11@example.com,68785936706ff7db623dcc9a664c8b7e7a7ea527c79029d3996a206218dd4abf,김시우,MALE,1986-06-07,032-300-6105,2020-01-12 16:10:34
231,yi@example.net,b3a11e4619374fb36119581a5c2e030dea46b201ee3018f89966a164d6add4ec,박시우,MALE,1999-04-15,041-477-4577,2021-05-12 05:02:28
232,yi@example.org,26ee1e6a947fc9d3c3b8a1fe9dbfe193fa23db59eeea5a1441f3a0a7f41b5cf7,박민수,MALE,2004-07-20,064-743-0002,2021-01-16 21:43:21
233,jeongsu73@example.org,a479b5b3fa9fff090e7ba11bcf925694ebc7da8f73d681fcf0506ee017ba9c33,박순자,MALE,1985-01-07,055-517-1450,2020-10-02 13:13:08
234,hyeonjun53@example.org,4bb296b0f9f6ba61854227d0fd982fe4d8fa50d4ef293ab139b589e24746bcb7,안재호,MALE,2001-03-22,051-454-9960,2021-01-08 20:20:29
235,seunghyeonbag@example.com,f6881f0dc664746bf82d1b69570d4be11b8244244e327c28e297c52ff60c48b5,심민서,MALE,1992-12-03,044-818-6070,2020-02-05 05:15:56
236,wseong@example.net,a8ae235553ab5e72e3d86a2c5c34541ae4cae90b43254416946ac4c6b66398f6,양경수,MALE,2000-06-08,032-130-5547,2021-05-17 04:16:44
237,janggyeongsug@example.org,0915a4035522a064ea048dcf926d304b5b170aba006cbd83c756736be703daf7,김순자,MALE,1992-11-07,010-7188-3285,2021-04-25 23:55:21
238,baegeunyeong@example.org,e5b457ef947aeda41c0176632c7409e81112a2ecfe44abce5c2aef4717f0ec28,이성현,MALE,1989-10-04,064-706-6454,2020-08-08 12:36:40
239,zyun@example.net,41150cbcd8a8d735c1413983609968072dd4df589aef4ffa38e3b8b88a09a621,이현정,MALE,1994-05-11,011-539-7499,2025-04-13 07:57:12
240,doyuni@example.net,ee95a580595044bb90388a0dc03691b7a4c5dad8137a9f90692003d21f28e002,김성호,MALE,1988-03-22,062-661-2818,2022-11-25 15:11:43
241,hyeonsug99@example.com,1e07ab20c1db6fb10de4cb422a5b869a7b2eb84045855eb2744973d420b63f0d,안혜진,FEMALE,1991-02-20,018-253-6823,2021-08-23 20:02:46
242,iyeongsug@example.net,19460aa11aa157ceff23057e4c168e8da71ac6e979233fe689ce1b5017d23e3f,이정숙,FEMALE,1984-10-07,032-860-6038,2021-07-30 23:41:28
243,doyun94@example.org,a0f13bb3f5c7391a1ca6fa7dbd3ab3d65572ea70e8d43348bc41e434700adee4,진동현,FEMALE,1999-09-27,031-118-7746,2023-02-12 23:23:28
244,jongsugim@example.net,7446f48f4a39cb1cce49f5541ce04a23b1655cbb081fc81c1537eab07c583880,최정남,MALE,1999-01-06,070-7979-0663,2024-08-17 15:29:10
245,haeun90@example.com,b44e488572e03c84080ceb896f47bd84259416b096d5d153e07aa434af55198f,성성현,MALE,1997-01-18,055-283-6966,2025-08-01 02:53:13
246,seoyeong37@example.com,5fd9d4caa4d04b286ea7c9e9191f67f4ba11a63281eb64d17fec007d499b6aeb,김광수,FEMALE,1986-11-03,010-5067-0686,2025-02-01 09:17:49
247,jju@example.com,9d5161ae1c66d728a186823b7eacbf6352f8e0b1e93d01876951c3f13cce26c8,심정훈,MALE,1998-07-11,052-649-8707,2020-01-14 04:37:46
248,coejihun@example.net,645de088e522870596d0cd45e374df76b841f72ab2842b4f6fc94c052564921b,김아름,FEMALE,1994-02-10,031-799-6031,2020-11-12 07:32:06
249,gimgeonu@example.org,16376c0a9a257655d7f9a3bd06712d4acdcf48df0fecdf619862488cbdfc0b9d,장정식,FEMALE,1986-06-14,052-404-9008,2022-02-26 10:13:27
250,bsin@example.com,d26b783e803fd5095090a746bb30d54c0c89f9e204fb95b2760da29eb5077ab8,김경숙,MALE,1992-01-03,043-114-2416,2024-08-30 17:44:10
