user_id,age,gender,tenure_days,num_interests,recency_score,frequency_score,monetary_score,monetary_avg_order,avg_items_per_order,frequency_last_30d,frequency_last_90d,days_between_orders,coupon_usage_rate,days_since_last_session,cart_additions_last_30d,churn
1,40,MALE,231,3,4.0,5.0,5.0,528220.0,5.222222222222222,0.0,0.0,30.75,0.0,195,0.0,1
2,21,FEMALE,2032,2,1.0,4.0,5.0,913500.0,7.5,0.0,0.0,431.0,0.4117647058823529,41,0.0,1
3,21,MALE,1281,2,1.0,1.0,1.0,120800.0,3.0,0.0,0.0,0.0,1.0,38,0.0,1
4,39,MALE,150,3,5.0,1.0,2.0,385200.0,4.666666666666667,1.0,1.0,117.0,0.9,14,3.0,0
5,38,MALE,1708,1,1.0,1.0,2.0,709800.0,4.5,0.0,0.0,0.0,0.0,6,0.0,1
6,36,MALE,1322,2,4.0,5.0,5.0,733266.6666666666,6.625,0.0,1.0,218.4,0.1891891891891892,36,0.0,0
7,37,MALE,1709,1,4.0,2.0,2.0,471900.0,5.0,0.0,1.0,1046.0,1.0,7,0.0,0
8,40,MALE,1324,3,2.0,3.0,4.0,561900.0,4.75,0.0,0.0,256.0,0.2,342,0.0,1
9,30,MALE,1294,1,3.0,3.0,4.0,577000.0,4.5,0.0,0.0,436.5,0.5384615384615384,68,0.0,0
10,39,MALE,94,2,5.0,1.0,2.0,808800.0,7.0,1.0,1.0,0.0,0.0,42,0.0,0
11,31,MALE,771,1,3.0,2.0,3.0,587450.0,6.0,0.0,0.0,93.0,0.5,0,1.0,0
12,39,FEMALE,742,1,4.0,3.0,4.0,639233.3333333334,5.0,0.0,1.0,98.0,0.6470588235294118,15,0.0,0
13,31,MALE,140,1,5.0,2.0,3.0,659850.0,6.666666666666667,0.0,2.0,32.0,0.0,7,2.0,0
14,35,MALE,1654,3,1.0,2.0,1.0,331250.0,5.5,0.0,0.0,925.0,0.8181818181818182,31,0.0,1
15,28,MALE,580,3,3.0,3.0,3.0,446400.0,3.6666666666666665,0.0,0.0,208.5,0.9090909090909091,62,0.0,0
16,30,MALE,498,3,3.0,5.0,5.0,571116.6666666666,5.714285714285714,0.0,0.0,68.2,0.12121212121212122,6,1.0,0
17,38,MALE,866,2,3.0,2.0,2.0,358250.0,5.5,0.0,0.0,269.0,0.5,62,0.0,0
18,31,MALE,1415,2,2.0,3.0,3.0,460966.6666666667,4.4,0.0,0.0,409.0,0.0,157,0.0,0
19,23,MALE,614,3,2.0,1.0,1.0,188100.0,4.5,0.0,0.0,0.0,0.0,5,1.0,1
20,38,MALE,1357,1,1.0,2.0,2.0,441600.0,4.666666666666667,0.0,0.0,310.0,0.1111111111111111,10,0.0,1
21,33,MALE,1171,1,3.0,4.0,4.0,538100.0,4.5,0.0,0.0,303.3333333333333,0.0,36,0.0,0
22,30,MALE,932,1,5.0,5.0,5.0,530960.0,5.0,1.0,1.0,212.25,0.6363636363636364,31,0.0,0
23,31,MALE,810,1,5.0,3.0,4.0,622266.6666666666,5.5,1.0,1.0,326.0,0.42105263157894735,16,0.0,0
24,29,MALE,942,3,3.0,1.0,2.0,749600.0,7.0,0.0,0.0,0.0,1.0,39,0.0,0
25,37,MALE,434,1,2.0,1.0,4.0,1666500.0,11.0,0.0,0.0,0.0,1.0,57,0.0,1
26,38,MALE,158,3,5.0,5.0,4.0,338216.6666666667,3.4285714285714284,2.0,5.0,24.8,0.6666666666666666,9,1.0,0
27,24,MALE,1026,3,4.0,5.0,5.0,707400.0,5.75,0.0,2.0,228.5,0.43333333333333335,32,0.0,0
28,24,MALE,1497,1,2.0,2.0,2.0,489450.0,5.5,0.0,0.0,880.0,0.5454545454545454,11,0.0,0
29,22,MALE,1662,2,5.0,2.0,3.0,641950.0,4.333333333333333,1.0,1.0,300.0,0.3,25,0.0,0
30,21,MALE,173,2,4.0,5.0,5.0,494983.3333333333,4.5,0.0,2.0,22.6,0.5555555555555556,19,0.0,0
31,30,MALE,586,2,2.0,5.0,3.0,291560.0,4.428571428571429,0.0,0.0,46.75,0.4117647058823529,1,0.0,1
32,32,MALE,1219,1,5.0,2.0,2.0,410000.0,5.5,1.0,1.0,388.0,1.0,175,0.0,0
33,23,MALE,197,1,0.0,0.0,0.0,0.0,0.0,0.0,0.0,0.0,0.0,4,1.0,0
34,27,FEMALE,1877,1,3.0,2.0,3.0,556850.0,5.333333333333333,0.0,0.0,1438.0,0.0,97,1.0,0
35,39,FEMALE,1451,1,1.0,1.0,1.0,498800.0,4.5,0.0,0.0,0.0,1.0,2,0.0,1
36,32,MALE,497,1,3.0,3.0,5.0,955700.0,7.5,0.0,0.0,90.5,0.4230769230769231,50,1.0,0
37,21,MALE,600,2,4.0,3.0,4.0,652300.0,5.333333333333333,0.0,0.0,163.5,0.1875,207,0.0,1
38,39,MALE,673,1,5.0,5.0,4.0,443760.0,3.111111111111111,1.0,1.0,133.25,0.6363636363636364,17,0.0,0
39,31,MALE,491,1,2.0,2.0,4.0,931750.0,7.0,0.0,0.0,52.0,0.0,20,0.0,0
40,30,MALE,2001,3,1.0,1.0,1.0,524700.0,5.0,0.0,0.0,0.0,0.0,25,0.0,1
41,21,MALE,1624,3,1.0,2.0,1.0,225250.0,3.3333333333333335,0.0,0.0,508.0,0.0,145,0.0,1
42,34,MALE,1355,1,3.0,2.0,2.0,419400.0,3.0,0.0,0.0,58.0,0.0,41,0.0,0
43,25,MALE,895,3,1.0,1.0,2.0,790200.0,5.333333333333333,0.0,0.0,0.0,0.0,10,1.0,1
44,36,FEMALE,1202,3,1.0,1.0,1.0,127600.0,2.0,0.0,0.0,0.0,1.0,59,0.0,1
45,24,MALE,1059,3,3.0,2.0,3.0,568750.0,6.5,0.0,0.0,636.0,0.0,65,0.0,0
46,36,MALE,1706,2,1.0,1.0,2.0,723200.0,5.0,0.0,0.0,0.0,0.0,128,0.0,1
47,30,MALE,156,3,5.0,2.0,3.0,809550.0,6.4,0.0,1.0,82.0,0.0,11,4.0,0
48,22,MALE,163,3,5.0,4.0,3.0,303475.0,3.0,2.0,3.0,33.333333333333336,0.18181818181818182,2,0.0,0
49,32,MALE,758,2,5.0,2.0,1.0,335900.0,4.333333333333333,1.0,1.0,578.0,0.16666666666666666,75,0.0,0
50,34,MALE,1744,2,5.0,3.0,4.0,762900.0,6.5,1.0,1.0,834.5,0.7,40,0.0,0
51,31,FEMALE,432,3,5.0,3.0,3.0,430566.6666666667,5.333333333333333,1.0,1.0,173.0,0.0,235,0.0,1
52,32,MALE,2031,3,3.0,4.0,4.0,517500.0,5.666666666666667,0.0,0.0,506.6666666666667,0.24,104,0.0,0
53,36,FEMALE,1944,3,1.0,1.0,1.0,504000.0,2.0,0.0,0.0,0.0,0.0,778,0.0,1
54,21,MALE,216,1,4.0,3.0,4.0,546566.6666666666,5.0,0.0,2.0,34.0,0.6666666666666666,11,1.0,0
55,36,MALE,248,3,4.0,2.0,3.0,759850.0,5.0,0.0,0.0,33.0,0.2727272727272727,4,3.0,0
56,28,FEMALE,1989,3,1.0,5.0,5.0,483320.0,5.5,0.0,0.0,282.0,0.14814814814814814,89,0.0,1
57,25,MALE,370,1,5.0,3.0,2.0,278500.0,2.0,1.0,1.0,167.5,0.16666666666666666,9,1.0,0
58,30,MALE,1067,1,3.0,4.0,4.0,509475.0,4.0,0.0,0.0,249.0,0.125,56,0.0,0
59,35,MALE,1077,3,0.0,0.0,0.0,0.0,0.0,0.0,0.0,0.0,0.0,10,1.0,0
60,25,MALE,211,2,3.0,1.0,1.0,461800.0,4.5,0.0,0.0,0.0,1.0,3,5.0,0
61,37,MALE,472,1,2.0,1.0,1.0,529200.0,5.0,0.0,0.0,0.0,0.0,8,0.0,0
62,20,MALE,455,3,5.0,2.0,4.0,922950.0,7.333333333333333,1.0,1.0,339.0,0.0,0,0.0,0
63,33,MALE,1602,3,5.0,5.0,4.0,431140.0,5.0,2.0,2.0,334.5,0.6,25,0.0,0
64,38,MALE,347,3,5.0,2.0,2.0,406750.0,4.0,0.0,1.0,178.0,0.125,29,2.0,0
65,20,MALE,41,2,5.0,3.0,2.0,303900.0,3.0,2.0,3.0,9.5,0.1111111111111111,1,9.0,0
66,24,MALE,1375,2,1.0,1.0,1.0,219600.0,4.0,0.0,0.0,0.0,0.0,11,0.0,1
67,30,MALE,899,1,4.0,3.0,3.0,402833.3333333333,4.2,0.0,0.0,118.0,0.0,9,0.0,0
68,37,MALE,1677,1,2.0,4.0,3.0,370300.0,3.1666666666666665,0.0,0.0,321.3333333333333,0.9333333333333333,12,0.0,1
69,21,MALE,790,1,1.0,1.0,1.0,393000.0,6.0,0.0,0.0,0.0,0.0,26,0.0,1
70,36,FEMALE,1117,3,1.0,4.0,1.0,170500.0,3.2,0.0,0.0,105.66666666666667,0.7777777777777778,44,0.0,1
71,23,MALE,398,1,3.0,1.0,2.0,944300.0,9.0,0.0,0.0,0.0,0.0,5,0.0,0
72,40,MALE,262,2,5.0,4.0,3.0,380975.0,5.714285714285714,0.0,1.0,73.33333333333333,0.6,6,2.0,0
73,31,MALE,88,3,5.0,2.0,4.0,823450.0,7.0,2.0,2.0,5.0,0.6428571428571429,9,0.0,0
74,39,MALE,903,2,4.0,4.0,5.0,639900.0,5.428571428571429,0.0,0.0,197.33333333333334,0.7272727272727273,146,0.0,0
75,39,MALE,193,2,5.0,5.0,3.0,275120.0,2.6,2.0,2.0,41.0,0.0,11,1.0,0
76,36,MALE,824,1,0.0,0.0,0.0,0.0,0.0,0.0,0.0,0.0,0.0,5,0.0,0
77,30,MALE,851,2,4.0,1.0,1.0,251200.0,4.0,0.0,0.0,0.0,0.0,121,0.0,0
78,40,MALE,290,2,4.0,3.0,2.0,251366.66666666666,2.3333333333333335,0.0,1.0,109.0,0.14285714285714285,7,1.0,0
79,32,MALE,493,1,5.0,4.0,3.0,344400.0,4.333333333333333,1.0,2.0,126.66666666666667,0.47368421052631576,26,0.0,0
80,33,MALE,1631,2,2.0,4.0,4.0,409775.0,5.0,0.0,0.0,388.0,0.4,56,0.0,1
81,35,MALE,453,1,4.0,2.0,2.0,388600.0,4.5,0.0,1.0,276.0,0.4444444444444444,24,0.0,0
82,40,MALE,1482,2,3.0,3.0,3.0,533333.3333333334,4.75,0.0,0.0,408.5,0.5384615384615384,106,0.0,0
83,26,MALE,1131,3,3.0,4.0,3.0,401000.0,4.333333333333333,0.0,0.0,61.0,0.21428571428571427,50,0.0,0
84,31,MALE,553,1,3.0,2.0,2.0,429100.0,4.0,0.0,0.0,257.0,0.0,0,0.0,0
85,34,MALE,721,2,4.0,3.0,3.0,539433.3333333334,6.0,0.0,0.0,266.0,0.3333333333333333,2,0.0,0
86,21,MALE,383,3,3.0,5.0,5.0,614942.8571428572,5.125,0.0,0.0,36.333333333333336,0.275,37,1.0,0
87,40,MALE,117,2,5.0,5.0,5.0,647440.0,5.285714285714286,1.0,4.0,19.25,0.4666666666666667,11,4.0,0
88,24,MALE,552,2,4.0,2.0,2.0,359700.0,2.0,0.0,1.0,367.0,0.0,8,0.0,0
89,31,MALE,167,3,5.0,3.0,5.0,820833.3333333334,7.5,1.0,3.0,30.0,0.0,2,1.0,0
90,35,MALE,1518,3,1.0,1.0,1.0,261200.0,3.5,0.0,0.0,0.0,0.0,26,1.0,1
91,39,MALE,627,1,4.0,1.0,1.0,150200.0,3.3333333333333335,0.0,1.0,0.0,0.0,58,0.0,0
92,27,MALE,1413,1,2.0,3.0,4.0,587900.0,6.666666666666667,0.0,0.0,226.5,0.15,10,0.0,0
93,39,MALE,1832,1,1.0,2.0,1.0,201100.0,3.3333333333333335,0.0,0.0,112.0,0.25,3,0.0,1
94,39,MALE,766,2,1.0,1.0,1.0,123900.0,5.0,0.0,0.0,0.0,0.0,26,0.0,1
95,30,MALE,752,3,0.0,0.0,0.0,0.0,0.0,0.0,0.0,0.0,0.0,29,0.0,0
96,28,MALE,220,2,5.0,1.0,1.0,277200.0,3.5,1.0,1.0,0.0,1.0,27,0.0,0
97,39,MALE,190,1,5.0,4.0,5.0,802575.0,6.2,0.0,2.0,32.666666666666664,0.3,10,0.0,0
98,21,MALE,1505,2,5.0,3.0,3.0,466200.0,5.6,1.0,1.0,707.5,0.0,38,0.0,0
99,37,MALE,1091,3,4.0,5.0,4.0,344700.0,4.333333333333333,0.0,0.0,71.0,0.23076923076923078,349,0.0,1
100,28,MALE,835,3,2.0,4.0,5.0,710000.0,7.0,0.0,0.0,130.0,0.5357142857142857,142,1.0,1
101,20,MALE,780,3,3.0,3.0,4.0,562066.6666666666,4.2,0.0,0.0,177.0,0.23529411764705882,21,1.0,0
102,38,MALE,897,3,3.0,2.0,3.0,648450.0,9.0,0.0,0.0,648.0,0.0,54,1.0,0
103,20,MALE,26,2,5.0,3.0,5.0,782833.3333333334,7.2,3.0,3.0,1.0,0.3,0,2.0,0
104,38,MALE,114,3,4.0,2.0,4.0,867600.0,6.0,0.0,2.0,0.0,0.35714285714285715,9,1.0,0
105,40,FEMALE,1127,2,3.0,5.0,5.0,605166.6666666666,5.125,0.0,0.0,150.8,0.0,42,1.0,0
106,34,MALE,660,2,5.0,1.0,1.0,446700.0,6.0,0.0,1.0,0.0,1.0,8,0.0,0
107,23,MALE,387,1,5.0,4.0,5.0,824525.0,6.4,0.0,2.0,110.0,0.2222222222222222,10,1.0,0
108,20,MALE,1075,1,4.0,4.0,4.0,440900.0,4.142857142857143,0.0,0.0,284.6666666666667,0.3125,88,0.0,0
109,26,MALE,1106,1,3.0,5.0,5.0,651100.0,4.857142857142857,0.0,0.0,222.5,0.1111111111111111,424,0.0,1
110,32,MALE,1311,2,0.0,0.0,0.0,0.0,0.0,0.0,0.0,0.0,0.0,516,1.0,1
111,39,MALE,768,1,3.0,1.0,1.0,154500.0,5.5,0.0,0.0,0.0,0.0,20,0.0,0
112,29,MALE,207,2,4.0,2.0,3.0,569550.0,4.666666666666667,0.0,1.0,52.0,0.0,2,1.0,0
113,24,FEMALE,1589,2,1.0,2.0,2.0,502450.0,3.3333333333333335,0.0,0.0,814.0,0.0,16,0.0,1
114,26,MALE,1818,3,2.0,3.0,3.0,460933.3333333333,5.4,0.0,0.0,613.0,0.1875,1,0.0,1
115,27,MALE,913,2,5.0,1.0,1.0,280300.0,3.5,1.0,1.0,0.0,0.0,67,0.0,0
116,31,MALE,1483,1,2.0,3.0,3.0,431866.6666666667,5.5,0.0,0.0,455.5,0.2727272727272727,12,0.0,1
117,25,MALE,1920,3,2.0,3.0,4.0,652200.0,6.5,0.0,0.0,446.0,0.5,137,0.0,1
118,29,MALE,1934,2,3.0,4.0,3.0,374425.0,4.75,0.0,0.0,454.0,0.21052631578947367,39,0.0,0
119,40,MALE,959,2,5.0,3.0,5.0,937366.6666666666,8.0,0.0,1.0,428.5,0.375,44,0.0,0
120,29,MALE,669,1,2.0,3.0,5.0,835800.0,7.6,0.0,0.0,73.5,0.0,1,0.0,0
121,33,MALE,65,3,5.0,2.0,2.0,407100.0,3.3333333333333335,1.0,2.0,39.0,0.6666666666666666,23,7.0,0
122,36,MALE,283,2,5.0,3.0,4.0,662800.0,6.0,0.0,2.0,75.5,0.0,0,1.0,0
123,29,MALE,976,2,2.0,2.0,4.0,872250.0,6.5,0.0,0.0,308.0,0.5384615384615384,26,0.0,0
124,36,MALE,439,1,5.0,3.0,4.0,565833.3333333334,6.25,1.0,1.0,169.5,0.3684210526315789,16,1.0,0
125,32,MALE,1811,1,3.0,2.0,1.0,304350.0,2.0,0.0,0.0,1553.0,0.2,45,0.0,0
126,37,MALE,608,2,3.0,4.0,3.0,379875.0,4.6,0.0,0.0,129.0,0.0625,19,0.0,0
127,22,MALE,111,2,5.0,1.0,1.0,627300.0,6.0,1.0,1.0,0.0,0.0,3,3.0,0
128,28,MALE,1540,1,0.0,0.0,0.0,0.0,0.0,0.0,0.0,0.0,0.0,13,0.0,0
129,24,MALE,26,1,5.0,2.0,2.0,552800.0,3.75,2.0,2.0,14.0,0.0,0,6.0,0
130,30,MALE,1342,2,0.0,0.0,0.0,0.0,0.0,0.0,0.0,0.0,0.0,6,0.0,0
131,35,MALE,968,2,4.0,3.0,4.0,590533.3333333334,5.75,0.0,1.0,356.0,0.26666666666666666,9,0.0,0
132,21,MALE,99,1,5.0,3.0,2.0,275433.3333333333,4.0,1.0,3.0,10.5,0.25,4,4.0,0
133,35,MALE,1931,1,3.0,5.0,5.0,552920.0,4.375,0.0,0.0,376.75,0.8636363636363636,59,0.0,0
134,29,MALE,1234,2,1.0,2.0,2.0,426850.0,5.8,0.0,0.0,633.0,0.0,64,1.0,1
135,33,FEMALE,919,1,5.0,1.0,1.0,43900.0,1.0,1.0,1.0,0.0,1.0,235,0.0,1
136,37,MALE,1518,2,3.0,4.0,4.0,500100.0,4.8,0.0,0.0,412.3333333333333,0.0,70,1.0,0
137,30,MALE,251,2,4.0,2.0,3.0,579900.0,3.7142857142857144,0.0,1.0,133.0,0.3,21,0.0,0
138,34,MALE,1340,2,1.0,1.0,1.0,275800.0,3.5,0.0,0.0,0.0,1.0,67,0.0,1
139,25,MALE,1660,3,1.0,2.0,2.0,410750.0,4.5,0.0,0.0,467.0,0.0,65,0.0,1
140,37,FEMALE,7,2,5.0,5.0,4.0,431680.0,3.142857142857143,5.0,5.0,1.0,0.6666666666666666,0,11.0,0
141,23,FEMALE,1267,3,2.0,2.0,3.0,773800.0,6.666666666666667,0.0,0.0,301.0,0.6923076923076923,25,0.0,0
142,31,MALE,1492,2,4.0,4.0,3.0,402450.0,4.0,0.0,1.0,405.0,0.7058823529411765,85,0.0,0
143,31,MALE,1210,1,2.0,1.0,1.0,234600.0,6.0,0.0,0.0,0.0,0.0,412,0.0,1
144,26,MALE,1076,1,4.0,2.0,1.0,219950.0,3.25,0.0,1.0,1006.0,0.0,21,0.0,0
145,24,MALE,1789,2,4.0,1.0,1.0,216700.0,5.0,0.0,1.0,0.0,1.0,14,0.0,0
146,20,MALE,1069,3,2.0,2.0,1.0,164150.0,2.5,0.0,0.0,31.0,0.0,27,0.0,1
147,36,MALE,1370,3,5.0,4.0,4.0,540350.0,5.25,0.0,1.0,256.6666666666667,0.09523809523809523,217,0.0,1
148,31,MALE,433,1,3.0,3.0,2.0,305100.0,4.0,0.0,0.0,33.0,0.2,1,1.0,0
149,33,MALE,1204,1,2.0,3.0,3.0,466533.3333333333,3.6,0.0,0.0,151.5,0.25,19,0.0,0
150,28,MALE,305,1,3.0,3.0,2.0,355333.3333333333,3.0,0.0,0.0,39.0,0.7,17,0.0,0
151,27,FEMALE,430,2,4.0,2.0,3.0,701900.0,6.0,0.0,1.0,314.0,0.7272727272727273,13,2.0,0
152,39,MALE,1504,1,5.0,5.0,5.0,387616.6666666667,4.571428571428571,0.0,1.0,262.0,0.19230769230769232,112,0.0,0
153,22,MALE,272,3,5.0,4.0,5.0,811325.0,8.0,1.0,3.0,43.0,0.8,0,0.0,0
154,35,MALE,16,3,5.0,5.0,5.0,808000.0,4.714285714285714,5.0,5.0,1.75,0.45161290322580644,1,5.0,0
155,22,FEMALE,1570,2,3.0,4.0,4.0,481775.0,5.0,0.0,0.0,387.0,0.0,107,0.0,0
156,34,MALE,1793,1,2.0,2.0,2.0,380250.0,3.0,0.0,0.0,1293.0,0.5,46,0.0,0
157,23,MALE,246,1,4.0,4.0,3.0,339575.0,4.0,0.0,1.0,40.666666666666664,0.23076923076923078,2,0.0,0
158,20,MALE,205,3,4.0,4.0,5.0,1009875.0,7.75,0.0,1.0,32.0,0.0,42,0.0,0
159,35,MALE,736,1,5.0,5.0,5.0,368828.5714285714,4.375,0.0,2.0,88.0,0.20689655172413793,11,0.0,0
160,39,MALE,1195,2,4.0,5.0,5.0,903180.0,6.285714285714286,0.0,0.0,253.75,0.3076923076923077,61,0.0,0
161,32,MALE,1189,3,3.0,3.0,3.0,456133.3333333333,3.75,0.0,0.0,466.0,0.0,8,0.0,0
162,27,MALE,1970,3,3.0,5.0,5.0,693840.0,6.0,0.0,0.0,432.0,0.2413793103448276,48,0.0,0
163,22,MALE,442,1,4.0,5.0,4.0,414580.0,5.142857142857143,0.0,1.0,47.25,0.47368421052631576,8,1.0,0
164,28,MALE,1693,3,1.0,3.0,4.0,584766.6666666666,4.333333333333333,0.0,0.0,382.5,0.0,364,0.0,1
165,28,MALE,145,2,4.0,3.0,3.0,503233.3333333333,3.75,0.0,0.0,11.5,0.0,6,2.0,0
166,38,MALE,68,3,5.0,4.0,4.0,548400.0,4.5,1.0,4.0,12.666666666666666,0.0,1,2.0,0
167,26,MALE,698,3,3.0,2.0,2.0,357050.0,4.2,0.0,0.0,143.0,0.0,0,0.0,0
168,37,MALE,882,3,3.0,3.0,4.0,738800.0,6.8,0.0,0.0,314.0,0.15,27,0.0,0
169,28,MALE,618,2,5.0,1.0,1.0,340100.0,3.0,1.0,1.0,0.0,1.0,31,0.0,0
170,29,MALE,702,3,4.0,5.0,5.0,812100.0,6.625,0.0,0.0,136.25,0.5757575757575758,16,0.0,0
171,20,MALE,337,1,4.0,5.0,4.0,414240.0,5.0,0.0,1.0,57.5,0.6956521739130435,9,0.0,0
172,28,MALE,237,3,3.0,1.0,1.0,556600.0,6.5,0.0,0.0,0.0,0.0,4,4.0,0
173,40,MALE,2023,3,2.0,3.0,4.0,643733.3333333334,8.75,0.0,0.0,547.5,0.0,10,0.0,0
174,27,MALE,1321,1,0.0,0.0,0.0,0.0,0.0,0.0,0.0,0.0,0.0,174,0.0,0
175,35,MALE,1891,3,3.0,3.0,3.0,480800.0,4.666666666666667,0.0,0.0,730.5,0.7142857142857143,9,0.0,0
176,21,MALE,1213,3,1.0,1.0,1.0,278400.0,4.25,0.0,0.0,0.0,1.0,124,0.0,1
177,28,MALE,1567,2,1.0,2.0,1.0,274800.0,4.6,0.0,0.0,170.0,1.0,154,0.0,1
178,32,MALE,1513,2,2.0,5.0,5.0,567916.6666666666,5.166666666666667,0.0,0.0,211.0,0.3225806451612903,66,0.0,1
179,34,FEMALE,914,3,2.0,3.0,3.0,493500.0,3.25,0.0,0.0,171.0,0.25,1,1.0,0
180,36,MALE,1946,1,1.0,2.0,4.0,1068600.0,5.2,0.0,0.0,109.0,1.0,173,0.0,1
181,28,MALE,338,1,4.0,3.0,4.0,611300.0,5.333333333333333,0.0,0.0,40.0,0.0,1,1.0,0
182,22,MALE,181,3,3.0,1.0,1.0,391700.0,4.0,0.0,0.0,0.0,1.0,9,1.0,0
183,40,FEMALE,929,1,2.0,2.0,2.0,454650.0,5.666666666666667,0.0,0.0,343.0,0.4444444444444444,16,0.0,1
184,28,MALE,276,1,3.0,2.0,3.0,609350.0,5.25,0.0,0.0,46.0,1.0,14,0.0,0
185,26,MALE,1093,2,4.0,2.0,2.0,530500.0,3.5,0.0,1.0,541.0,0.7142857142857143,10,0.0,0
186,27,MALE,1672,3,1.0,2.0,1.0,305600.0,3.75,0.0,0.0,161.0,0.0,14,0.0,1
187,38,MALE,1825,2,1.0,1.0,1.0,58800.0,2.0,0.0,0.0,0.0,0.0,18,0.0,1
188,23,MALE,101,2,4.0,3.0,4.0,592133.3333333334,6.0,0.0,3.0,8.5,0.6111111111111112,0,1.0,0
189,39,MALE,545,1,4.0,2.0,3.0,571750.0,5.5,0.0,1.0,317.0,0.0,35,0.0,0
190,21,MALE,795,1,2.0,2.0,1.0,175600.0,3.75,0.0,0.0,112.0,0.8,14,0.0,1
191,31,MALE,1712,2,2.0,5.0,5.0,712216.6666666666,5.875,0.0,0.0,188.4,0.42105263157894735,25,0.0,0
192,21,MALE,494,3,4.0,3.0,4.0,679266.6666666666,7.25,0.0,1.0,78.5,0.35,8,0.0,0
193,22,FEMALE,1945,2,1.0,3.0,4.0,557700.0,5.75,0.0,0.0,300.0,0.38461538461538464,34,0.0,1
194,21,MALE,499,3,0.0,0.0,0.0,0.0,0.0,0.0,0.0,0.0,0.0,251,0.0,1
195,28,MALE,1407,3,0.0,0.0,0.0,0.0,0.0,0.0,0.0,0.0,0.0,93,0.0,0
196,32,MALE,1820,3,5.0,2.0,3.0,570700.0,4.666666666666667,1.0,1.0,247.0,0.5833333333333334,6,0.0,0
197,25,MALE,324,1,5.0,2.0,1.0,99050.0,1.0,0.0,1.0,69.0,0.0,19,0.0,0
198,29,MALE,1470,2,2.0,1.0,1.0,88400.0,2.6666666666666665,0.0,0.0,0.0,0.0,113,0.0,1
199,29,MALE,536,2,5.0,2.0,2.0,524050.0,4.333333333333333,1.0,1.0,449.0,0.5555555555555556,5,0.0,0
200,24,MALE,1048,3,3.0,5.0,5.0,642383.3333333334,6.166666666666667,0.0,0.0,95.0,0.0,234,0.0,1
201,32,MALE,832,1,3.0,1.0,1.0,418300.0,4.0,0.0,0.0,0.0,0.0,6,0.0,0
202,38,MALE,1252,3,1.0,1.0,2.0,851800.0,6.5,0.0,0.0,0.0,0.0,21,0.0,1
203,24,MALE,1244,3,1.0,3.0,5.0,815733.3333333334,5.833333333333333,0.0,0.0,187.0,0.5263157894736842,4,1.0,1
204,30,MALE,1554,2,2.0,2.0,2.0,368100.0,3.0,0.0,0.0,267.0,0.5714285714285714,352,0.0,1
205,33,MALE,438,3,3.0,3.0,4.0,755133.3333333334,5.0,0.0,0.0,95.5,0.7894736842105263,35,0.0,0
206,33,MALE,471,3,3.0,2.0,1.0,259300.0,4.4,0.0,0.0,229.0,0.5,61,0.0,0
207,38,MALE,644,2,2.0,3.0,3.0,498800.0,4.8,0.0,0.0,35.0,0.8181818181818182,106,0.0,1
208,27,MALE,1241,2,1.0,1.0,1.0,485200.0,5.666666666666667,0.0,0.0,0.0,1.0,6,0.0,1
209,30,MALE,1376,1,3.0,2.0,2.0,363400.0,3.0,0.0,0.0,1044.0,0.0,285,0.0,1
210,40,MALE,1469,3,1.0,1.0,1.0,656100.0,3.3333333333333335,0.0,0.0,0.0,0.0,15,1.0,1
211,27,MALE,1218,1,4.0,5.0,5.0,673100.0,6.333333333333333,0.0,1.0,228.5,0.17647058823529413,21,0.0,0
212,41,MALE,377,3,3.0,1.0,1.0,305100.0,4.666666666666667,0.0,0.0,0.0,1.0,4,0.0,0
213,38,MALE,1886,1,4.0,3.0,2.0,280300.0,5.8,0.0,1.0,255.5,0.46153846153846156,5,1.0,0
214,26,MALE,1047,3,4.0,5.0,5.0,548300.0,6.142857142857143,0.0,1.0,178.5,0.5357142857142857,109,0.0,0
215,40,MALE,1770,2,1.0,2.0,3.0,651500.0,6.0,0.0,0.0,37.0,0.0,334,0.0,1
216,23,MALE,1760,2,4.0,3.0,2.0,308766.6666666667,4.2,0.0,1.0,604.0,0.45454545454545453,63,0.0,0
217,34,MALE,1111,3,4.0,1.0,1.0,224600.0,5.0,0.0,1.0,0.0,1.0,85,3.0,0
218,32,MALE,1691,3,5.0,4.0,4.0,446700.0,3.8333333333333335,1.0,1.0,517.6666666666666,0.23529411764705882,16,0.0,0
219,38,MALE,1658,2,4.0,3.0,3.0,383900.0,3.6666666666666665,0.0,1.0,770.5,0.7272727272727273,20,1.0,0
220,38,MALE,1649,2,1.0,2.0,3.0,565550.0,4.5,0.0,0.0,399.0,1.0,7,1.0,1
221,33,MALE,1216,2,1.0,3.0,3.0,488966.6666666667,6.0,0.0,0.0,226.0,0.0,136,0.0,1
222,36,MALE,1590,2,0.0,0.0,0.0,0.0,0.0,0.0,0.0,0.0,0.0,63,1.0,0
223,32,MALE,1400,1,1.0,1.0,1.0,220000.0,4.5,0.0,0.0,0.0,0.0,123,0.0,1
224,22,MALE,570,1,0.0,0.0,0.0,0.0,0.0,0.0,0.0,0.0,0.0,11,1.0,0
225,22,MALE,1198,2,1.0,2.0,3.0,630950.0,6.0,0.0,0.0,71.0,0.0,186,1.0,1
226,33,MALE,1538,3,4.0,4.0,5.0,733300.0,7.0,0.0,0.0,431.6666666666667,0.35714285714285715,2,0.0,0
227,40,FEMALE,1700,2,2.0,4.0,5.0,628050.0,5.5,0.0,0.0,259.6666666666667,0.0,580,0.0,1
228,34,MALE,1458,2,4.0,4.0,3.0,299000.0,3.0,0.0,1.0,402.0,0.0,5,0.0,0
229,22,MALE,791,3,2.0,1.0,1.0,60400.0,1.0,0.0,0.0,0.0,0.0,23,0.0,1
230,27,MALE,1537,3,2.0,2.0,2.0,420000.0,4.333333333333333,0.0,0.0,861.0,0.5,47,0.0,1
231,32,MALE,134,1,5.0,3.0,4.0,691866.6666666666,5.833333333333333,1.0,2.0,36.5,0.0,54,1.0,0
232,25,MALE,1149,1,2.0,3.0,3.0,482833.3333333333,6.333333333333333,0.0,0.0,318.0,0.0,30,1.0,0
233,29,MALE,753,3,2.0,2.0,3.0,680350.0,5.5,0.0,0.0,107.0,0.7272727272727273,47,0.0,0
234,29,MALE,965,2,2.0,2.0,2.0,531450.0,4.0,0.0,0.0,47.0,0.0,19,1.0,1
235,22,MALE,979,1,2.0,5.0,5.0,387050.0,3.5,0.0,0.0,90.8,0.3157894736842105,0,1.0,1
236,30,MALE,1932,1,1.0,2.0,1.0,218700.0,3.5,0.0,0.0,162.0,0.7142857142857143,4,0.0,1
237,21,MALE,1528,1,5.0,4.0,3.0,344375.0,3.142857142857143,1.0,1.0,429.6666666666667,0.0,46,0.0,0
238,40,MALE,1083,1,5.0,4.0,4.0,429925.0,4.6,1.0,1.0,301.0,0.0,174,1.0,0
239,27,MALE,1028,1,3.0,3.0,4.0,619866.6666666666,4.25,0.0,0.0,214.0,0.0,4,0.0,0
240,36,MALE,310,3,0.0,0.0,0.0,0.0,0.0,0.0,0.0,0.0,0.0,25,0.0,0
241,35,FEMALE,438,1,5.0,5.0,3.0,277280.0,4.111111111111111,1.0,1.0,97.25,0.42857142857142855,6,0.0,0
242,34,FEMALE,589,1,2.0,2.0,1.0,311100.0,3.0,0.0,0.0,148.0,0.0,5,0.0,0
243,36,FEMALE,811,2,3.0,2.0,4.0,891550.0,7.5,0.0,0.0,238.0,0.6,401,1.0,1
244,34,MALE,188,3,5.0,4.0,4.0,517775.0,5.6,3.0,3.0,28.666666666666668,0.23809523809523808,1,1.0,0
245,39,MALE,1005,1,4.0,2.0,3.0,658500.0,5.2,0.0,0.0,897.0,0.0,15,0.0,0
246,24,FEMALE,266,2,3.0,1.0,1.0,167200.0,5.333333333333333,0.0,0.0,0.0,1.0,7,1.0,0
247,27,MALE,2012,1,3.0,2.0,2.0,539150.0,4.0,0.0,0.0,1118.0,0.0,76,0.0,0
248,27,FEMALE,1896,1,1.0,1.0,1.0,455800.0,3.3333333333333335,0.0,0.0,0.0,0.0,300,0.0,1
249,34,FEMALE,1618,2,0.0,0.0,0.0,0.0,0.0,0.0,0.0,0.0,0.0,49,0.0,0
250,27,MALE,641,3,4.0,5.0,5.0,422916.6666666667,3.6666666666666665,0.0,1.0,94.4,0.6818181818181818,6,1.0,0
251,20,MALE,94,1,5.0,2.0,2.0,516200.0,3.75,1.0,1.0,90.0,0.0,6,0.0,0
252,32,MALE,1178,3,5.0,4.0,5.0,731225.0,6.5,0.0,1.0,286.6666666666667,0.38461538461538464,16,0.0,0
253,23,MALE,1693,1,0.0,0.0,0.0,0.0,0.0,0.0,0.0,0.0,0.0,191,0.0,1
254,31,MALE,827,3,2.0,1.0,2.0,799700.0,6.5,0.0,0.0,0.0,0.0,25,0.0,0
255,29,MALE,1755,2,1.0,1.0,2.0,703700.0,7.5,0.0,0.0,0.0,1.0,35,0.0,1
256,40,MALE,1005,3,3.0,2.0,4.0,995000.0,7.142857142857143,0.0,0.0,31.0,0.0,35,0.0,0
257,36,FEMALE,1024,1,3.0,5.0,5.0,657980.0,6.375,0.0,0.0,199.0,0.0,138,1.0,0
258,40,MALE,94,3,0.0,0.0,0.0,0.0,0.0,0.0,0.0,0.0,0.0,0,2.0,0
259,31,MALE,503,2,3.0,4.0,5.0,649125.0,5.571428571428571,0.0,0.0,63.333333333333336,0.24,72,1.0,0
260,24,MALE,1607,1,1.0,3.0,3.0,448700.0,4.4,0.0,0.0,176.0,0.0,18,0.0,1
261,24,MALE,852,1,3.0,2.0,3.0,561600.0,5.0,0.0,0.0,459.0,0.4,2,0.0,0
262,38,FEMALE,285,1,5.0,2.0,3.0,621150.0,6.0,1.0,2.0,78.0,0.0,119,0.0,0
263,38,MALE,722,3,5.0,2.0,5.0,1261000.0,8.666666666666666,1.0,1.0,485.0,0.0,43,0.0,0
264,33,MALE,1440,3,1.0,1.0,1.0,660800.0,6.0,0.0,0.0,0.0,0.0,96,0.0,1
265,25,MALE,1695,1,4.0,4.0,4.0,549650.0,4.75,0.0,1.0,448.0,0.21052631578947367,18,0.0,0
266,28,MALE,1949,2,3.0,5.0,4.0,394200.0,5.0,0.0,0.0,282.0,0.21052631578947367,115,0.0,0
267,38,MALE,1933,3,1.0,3.0,4.0,608966.6666666666,4.666666666666667,0.0,0.0,249.5,0.0,10,0.0,1
268,39,MALE,335,3,4.0,2.0,1.0,290150.0,2.6666666666666665,0.0,0.0,211.0,0.75,4,0.0,0
269,34,MALE,985,2,1.0,1.0,1.0,283400.0,3.75,0.0,0.0,0.0,0.0,13,0.0,1
270,25,MALE,940,2,3.0,5.0,5.0,610900.0,5.6,0.0,0.0,151.25,0.35714285714285715,30,0.0,0
271,26,MALE,299,3,4.0,4.0,5.0,771150.0,6.2,0.0,1.0,58.666666666666664,0.47619047619047616,7,0.0,0
272,29,MALE,880,1,1.0,1.0,2.0,711500.0,6.5,0.0,0.0,0.0,0.0,9,0.0,1
273,37,MALE,1867,3,5.0,5.0,5.0,579400.0,4.2,0.0,1.0,222.25,0.0,174,0.0,0
274,38,FEMALE,1618,3,5.0,4.0,5.0,881675.0,7.25,1.0,1.0,500.6666666666667,0.3103448275862069,1609,0.0,1
275,34,MALE,1693,1,4.0,2.0,1.0,210400.0,3.6666666666666665,0.0,1.0,1044.0,0.0,23,0.0,0
276,26,MALE,1843,1,0.0,0.0,0.0,0.0,0.0,0.0,0.0,0.0,0.0,52,0.0,0
277,23,MALE,1199,1,3.0,3.0,4.0,614500.0,5.0,0.0,0.0,464.5,0.8666666666666667,10,0.0,0
278,29,MALE,2025,3,1.0,2.0,5.0,1161500.0,5.25,0.0,0.0,60.0,0.0,40,0.0,1
279,41,MALE,127,2,4.0,2.0,4.0,840550.0,6.25,0.0,2.0,6.0,0.0,3,1.0,0
280,35,MALE,1801,1,1.0,2.0,1.0,256050.0,3.5,0.0,0.0,124.0,0.42857142857142855,48,0.0,1
281,23,MALE,1185,3,3.0,4.0,3.0,390200.0,4.0,0.0,0.0,212.33333333333334,0.8571428571428571,133,0.0,0
282,40,MALE,288,2,5.0,4.0,5.0,932175.0,7.0,1.0,1.0,77.66666666666667,0.0,0,0.0,0
283,34,MALE,1976,2,2.0,3.0,4.0,581833.3333333334,5.4,0.0,0.0,457.5,0.8125,183,0.0,1
284,31,MALE,947,2,2.0,3.0,4.0,754100.0,7.333333333333333,0.0,0.0,62.5,0.0,7,1.0,0
285,32,MALE,1759,2,0.0,0.0,0.0,0.0,0.0,0.0,0.0,0.0,0.0,222,0.0,1
286,24,MALE,1045,2,5.0,5.0,5.0,740666.6666666666,6.333333333333333,0.0,2.0,169.4,0.23684210526315788,17,1.0,0
287,32,MALE,67,1,5.0,4.0,4.0,501500.0,4.8,1.0,4.0,12.666666666666666,0.42105263157894735,0,7.0,0
288,23,MALE,1046,2,2.0,3.0,2.0,321000.0,3.6666666666666665,0.0,0.0,371.5,0.0,21,3.0,0
289,38,MALE,1999,2,2.0,3.0,4.0,569433.3333333334,4.5,0.0,0.0,583.5,0.7333333333333333,33,0.0,0
290,25,MALE,565,3,3.0,1.0,1.0,100800.0,5.5,0.0,0.0,0.0,0.0,51,2.0,0
291,38,MALE,1880,2,2.0,2.0,3.0,567000.0,5.5,0.0,0.0,1545.0,1.0,81,0.0,0
292,39,MALE,1536,1,2.0,5.0,3.0,305960.0,4.0,0.0,0.0,191.5,0.0,7,0.0,0
293,23,MALE,1230,1,2.0,4.0,4.0,499375.0,3.8333333333333335,0.0,0.0,221.66666666666666,0.0,377,0.0,1
294,35,MALE,703,1,3.0,3.0,4.0,636433.3333333334,5.4,0.0,0.0,196.5,0.125,150,0.0,0
295,22,MALE,1926,3,1.0,2.0,3.0,680750.0,7.0,0.0,0.0,511.0,0.0,15,0.0,1
296,27,MALE,181,2,3.0,1.0,1.0,499100.0,6.25,0.0,0.0,0.0,0.0,68,0.0,0
297,36,MALE,976,3,1.0,1.0,1.0,63000.0,3.0,0.0,0.0,0.0,0.0,32,0.0,1
298,33,MALE,1502,3,1.0,3.0,2.0,315066.6666666667,5.333333333333333,0.0,0.0,96.5,0.375,92,1.0,1
299,21,MALE,1885,3,1.0,4.0,5.0,601825.0,4.75,0.0,0.0,402.3333333333333,0.0,374,0.0,1
300,25,MALE,456,3,3.0,5.0,5.0,669760.0,6.4,0.0,0.0,62.25,0.59375,41,0.0,0
301,29,MALE,504,3,2.0,3.0,4.0,633333.3333333334,5.0,0.0,0.0,48.5,0.0,9,0.0,0
302,33,MALE,55,1,5.0,3.0,4.0,645033.3333333334,5.5,2.0,3.0,21.5,0.45,1,0.0,0
303,35,MALE,2001,2,3.0,1.0,1.0,498600.0,4.0,0.0,0.0,0.0,0.0,72,0.0,0
304,38,MALE,1500,3,1.0,3.0,4.0,554733.3333333334,5.6,0.0,0.0,407.5,0.5,65,1.0,1
305,29,MALE,369,3,4.0,3.0,3.0,373100.0,3.3333333333333335,0.0,0.0,79.5,0.1,5,0.0,0
306,34,FEMALE,288,2,3.0,1.0,1.0,421500.0,4.0,0.0,0.0,0.0,0.0,27,0.0,0
307,20,MALE,183,1,5.0,5.0,4.0,327833.3333333333,4.285714285714286,1.0,1.0,28.8,0.3333333333333333,4,0.0,0
308,33,MALE,1974,3,2.0,4.0,4.0,467300.0,4.25,0.0,0.0,332.6666666666667,0.23529411764705882,44,0.0,0
309,23,MALE,1312,2,1.0,3.0,2.0,328466.6666666667,3.6666666666666665,0.0,0.0,246.0,0.0,630,0.0,1
310,38,MALE,773,2,1.0,1.0,2.0,771900.0,5.0,0.0,0.0,0.0,0.0,135,0.0,1
311,36,MALE,1552,1,1.0,1.0,1.0,487400.0,6.333333333333333,0.0,0.0,0.0,0.0,19,0.0,1
312,28,MALE,1948,2,2.0,2.0,4.0,838050.0,4.75,0.0,0.0,1142.0,0.0,53,0.0,1
313,26,MALE,1020,3,2.0,1.0,1.0,571900.0,4.666666666666667,0.0,0.0,0.0,0.0,534,0.0,1
314,22,FEMALE,957,1,4.0,4.0,5.0,692025.0,5.25,0.0,0.0,251.0,0.42857142857142855,48,1.0,0
315,24,MALE,502,2,3.0,5.0,5.0,810300.0,7.222222222222222,0.0,0.0,89.25,0.0,45,1.0,0
316,39,MALE,1164,1,1.0,1.0,1.0,526800.0,3.0,0.0,0.0,0.0,1.0,4,0.0,1
317,32,MALE,1028,1,2.0,1.0,1.0,684200.0,7.0,0.0,0.0,0.0,1.0,248,0.0,1
318,20,MALE,818,3,2.0,3.0,5.0,812566.6666666666,6.666666666666667,0.0,0.0,69.5,0.0,170,0.0,1
319,20,MALE,715,3,4.0,5.0,3.0,276460.0,3.4,0.0,1.0,109.0,0.0,7,1.0,0
320,40,MALE,830,2,4.0,5.0,5.0,479516.6666666667,5.0,0.0,1.0,128.4,0.30303030303030304,13,0.0,0
321,32,MALE,284,1,0.0,0.0,0.0,0.0,0.0,0.0,0.0,0.0,0.0,1,0.0,0
322,23,MALE,173,3,5.0,5.0,5.0,690528.5714285715,5.625,1.0,4.0,21.666666666666668,0.3023255813953488,1,0.0,0
323,26,MALE,1777,3,3.0,3.0,2.0,294733.3333333333,2.6666666666666665,0.0,0.0,375.0,1.0,27,0.0,0
324,30,MALE,1616,3,2.0,4.0,3.0,367725.0,4.166666666666667,0.0,0.0,416.0,0.4375,60,0.0,0
325,26,FEMALE,10,3,5.0,3.0,3.0,436933.3333333333,4.25,3.0,3.0,1.0,0.16666666666666666,1,8.0,0
326,33,MALE,1012,3,4.0,1.0,1.0,186500.0,4.25,0.0,1.0,0.0,1.0,80,0.0,0
327,23,MALE,1618,2,2.0,5.0,5.0,492800.0,3.5555555555555554,0.0,0.0,120.2,0.22727272727272727,48,0.0,1
328,29,MALE,483,1,0.0,0.0,0.0,0.0,0.0,0.0,0.0,0.0,0.0,4,0.0,0
329,24,MALE,1212,2,2.0,2.0,2.0,380350.0,2.3333333333333335,0.0,0.0,458.0,1.0,39,0.0,0
330,25,MALE,1504,2,1.0,2.0,2.0,518250.0,5.666666666666667,0.0,0.0,816.0,0.0,12,0.0,1
331,34,MALE,1844,3,2.0,5.0,5.0,679860.0,5.857142857142857,0.0,0.0,323.5,0.0967741935483871,38,0.0,1
332,35,MALE,1739,3,2.0,5.0,4.0,442240.0,5.833333333333333,0.0,0.0,283.0,0.1111111111111111,189,0.0,1
333,23,MALE,162,3,5.0,1.0,1.0,323400.0,4.0,1.0,1.0,0.0,1.0,2,0.0,0
334,35,MALE,1842,2,1.0,2.0,2.0,480200.0,2.8,0.0,0.0,868.0,0.0,78,0.0,1
335,26,MALE,570,1,2.0,2.0,1.0,345150.0,3.8,0.0,0.0,122.0,0.7142857142857143,20,1.0,0
336,25,MALE,128,2,4.0,2.0,2.0,471250.0,4.8,0.0,0.0,20.0,0.5555555555555556,1,1.0,0
337,35,MALE,1225,3,4.0,2.0,3.0,573050.0,6.333333333333333,0.0,1.0,313.0,0.5384615384615384,23,0.0,0
338,39,MALE,901,2,3.0,3.0,3.0,538966.6666666666,5.0,0.0,0.0,350.5,0.3888888888888889,40,0.0,0
339,23,MALE,570,2,4.0,1.0,2.0,698900.0,8.0,0.0,1.0,0.0,0.0,64,0.0,0
340,35,MALE,1423,1,3.0,3.0,3.0,448966.6666666667,4.333333333333333,0.0,0.0,383.5,0.0,144,0.0,0
341,38,MALE,666,1,4.0,5.0,5.0,668480.0,5.0,0.0,1.0,153.5,0.15384615384615385,31,0.0,0
342,34,MALE,1849,3,1.0,3.0,5.0,768100.0,5.2,0.0,0.0,176.5,0.5,6,0.0,1
343,20,MALE,998,3,1.0,1.0,1.0,460400.0,3.0,0.0,0.0,0.0,0.0,25,0.0,1
344,25,MALE,869,2,4.0,3.0,4.0,569600.0,5.333333333333333,0.0,1.0,363.5,0.0,85,0.0,0
345,22,MALE,681,1,4.0,4.0,4.0,418200.0,6.142857142857143,0.0,1.0,118.66666666666667,0.55,24,0.0,0
346,25,MALE,1344,3,3.0,5.0,5.0,581620.0,6.428571428571429,0.0,0.0,223.0,0.07407407407407407,170,0.0,0
347,24,MALE,1557,3,2.0,5.0,4.0,338840.0,4.5,0.0,0.0,277.25,0.09523809523809523,47,0.0,0
348,26,MALE,916,3,2.0,4.0,5.0,847550.0,6.0,0.0,0.0,166.0,0.2916666666666667,7,0.0,1
349,22,MALE,520,3,3.0,4.0,4.0,413125.0,3.5,0.0,0.0,72.66666666666667,0.0,2,0.0,0
350,25,MALE,941,2,3.0,4.0,5.0,611475.0,5.5,0.0,0.0,209.0,0.22727272727272727,786,0.0,1
351,39,MALE,1961,2,2.0,3.0,3.0,434366.6666666667,5.0,0.0,0.0,786.0,0.0,64,0.0,0
352,26,MALE,1242,1,4.0,2.0,3.0,629950.0,4.0,0.0,1.0,356.0,0.0,128,0.0,0
353,28,MALE,890,2,4.0,4.0,4.0,488375.0,4.25,0.0,0.0,230.33333333333334,0.8823529411764706,136,0.0,0
354,35,MALE,796,2,2.0,3.0,2.0,329500.0,6.0,0.0,0.0,130.0,0.3333333333333333,4,0.0,0
355,36,MALE,1248,3,2.0,2.0,3.0,593250.0,6.5,0.0,0.0,726.0,0.0,32,0.0,1
356,27,MALE,1711,3,1.0,3.0,3.0,473433.3333333333,6.0,0.0,0.0,434.5,0.2,177,0.0,1
357,39,MALE,86,3,5.0,3.0,5.0,786600.0,5.666666666666667,2.0,3.0,18.0,0.47058823529411764,2,0.0,0
358,39,MALE,860,2,4.0,2.0,2.0,433200.0,5.0,0.0,1.0,152.0,0.0,7,0.0,0
359,35,FEMALE,704,1,2.0,1.0,3.0,1421000.0,10.0,0.0,0.0,0.0,0.0,61,0.0,1
360,24,MALE,71,3,5.0,2.0,2.0,478700.0,4.6,0.0,2.0,26.0,0.25,1,1.0,0
361,36,MALE,1001,1,3.0,5.0,4.0,354933.3333333333,3.4285714285714284,0.0,0.0,150.6,0.15,13,0.0,0
362,22,MALE,1438,3,1.0,3.0,4.0,721566.6666666666,5.142857142857143,0.0,0.0,57.0,0.3333333333333333,10,0.0,1
363,33,MALE,432,1,2.0,2.0,1.0,128200.0,3.3333333333333335,0.0,0.0,13.0,0.5,14,0.0,0
364,23,MALE,347,1,4.0,3.0,4.0,637166.6666666666,6.0,0.0,0.0,75.5,0.0,9,2.0,0
365,36,FEMALE,27,1,5.0,1.0,2.0,711900.0,6.0,1.0,1.0,0.0,0.0,1,4.0,0
366,35,MALE,775,2,2.0,3.0,2.0,352766.6666666667,2.6666666666666665,0.0,0.0,120.0,0.875,5,0.0,1
367,21,FEMALE,1306,3,1.0,3.0,2.0,326933.3333333333,6.0,0.0,0.0,123.0,0.3333333333333333,11,0.0,1
368,32,FEMALE,1594,2,2.0,2.0,1.0,224000.0,4.5,0.0,0.0,778.0,0.0,449,0.0,1
369,26,MALE,2011,3,2.0,4.0,4.0,502150.0,5.75,0.0,0.0,216.33333333333334,0.0,225,0.0,1
370,39,MALE,330,1,0.0,0.0,0.0,0.0,0.0,0.0,0.0,0.0,0.0,1,0.0,0
371,27,MALE,828,3,5.0,5.0,5.0,604616.6666666666,4.714285714285714,1.0,2.0,100.4,0.21428571428571427,44,0.0,0
372,29,MALE,1258,1,4.0,3.0,2.0,359733.3333333333,3.6666666666666665,0.0,1.0,527.5,0.6363636363636364,8,0.0,0
373,30,MALE,290,3,4.0,5.0,5.0,566060.0,6.166666666666667,0.0,1.0,58.5,0.16666666666666666,27,0.0,0
374,39,MALE,1790,1,3.0,3.0,2.0,341533.3333333333,4.0,0.0,0.0,504.0,0.1111111111111111,12,0.0,0
375,34,MALE,933,3,5.0,2.0,2.0,442800.0,5.0,0.0,1.0,396.0,0.0,204,0.0,1
376,20,MALE,1854,1,3.0,5.0,5.0,481060.0,5.428571428571429,0.0,0.0,340.0,0.44,27,0.0,0
377,21,MALE,221,3,5.0,5.0,5.0,637220.0,5.6,2.0,3.0,34.75,0.7857142857142857,3,0.0,0
378,40,MALE,1123,3,1.0,2.0,3.0,603000.0,4.25,0.0,0.0,42.0,0.3333333333333333,5,0.0,1
379,39,MALE,1502,2,1.0,2.0,2.0,495650.0,5.666666666666667,0.0,0.0,419.0,0.5454545454545454,47,0.0,1
380,40,MALE,2030,2,1.0,3.0,3.0,459433.3333333333,5.333333333333333,0.0,0.0,495.0,0.4375,101,0.0,1
381,29,MALE,1686,2,1.0,3.0,4.0,561800.0,4.75,0.0,0.0,68.0,0.0,122,0.0,1
382,33,MALE,376,2,4.0,5.0,5.0,437766.6666666667,3.7142857142857144,0.0,0.0,47.8,0.0,3,0.0,0
383,36,MALE,1754,1,1.0,3.0,4.0,602800.0,6.333333333333333,0.0,0.0,245.5,0.3684210526315789,7,0.0,1
384,30,MALE,1585,3,1.0,3.0,2.0,257666.66666666666,5.5,0.0,0.0,450.5,0.6,8,0.0,1
385,20,MALE,1846,3,1.0,1.0,2.0,985700.0,7.0,0.0,0.0,0.0,0.0,339,0.0,1
386,37,MALE,978,1,2.0,3.0,2.0,252133.33333333334,3.0,0.0,0.0,286.0,0.0,46,0.0,0
387,27,MALE,1526,2,2.0,4.0,5.0,677025.0,4.333333333333333,0.0,0.0,382.3333333333333,0.0,9,0.0,0
388,37,MALE,523,1,2.0,1.0,1.0,353200.0,3.6666666666666665,0.0,0.0,0.0,0.0,0,0.0,0
389,35,MALE,862,1,4.0,1.0,1.0,131000.0,4.0,0.0,1.0,0.0,1.0,158,0.0,0
390,39,MALE,25,1,5.0,3.0,1.0,213533.33333333334,2.75,3.0,3.0,6.5,0.0,9,9.0,0
391,27,FEMALE,1862,3,2.0,4.0,3.0,374100.0,3.75,0.0,0.0,454.3333333333333,0.5333333333333333,102,0.0,0
392,37,MALE,1561,3,4.0,5.0,4.0,274757.14285714284,3.25,0.0,1.0,148.66666666666666,0.0,140,0.0,0
393,40,MALE,320,1,4.0,4.0,4.0,426675.0,4.0,0.0,2.0,44.0,1.0,2,1.0,0
394,40,MALE,1032,1,3.0,1.0,2.0,835400.0,4.333333333333333,0.0,0.0,0.0,0.0,6,1.0,0
395,20,MALE,460,3,5.0,3.0,4.0,558833.3333333334,5.666666666666667,1.0,2.0,106.0,0.0,193,0.0,1
396,40,FEMALE,1573,2,5.0,5.0,4.0,360620.0,3.8333333333333335,1.0,1.0,230.75,0.47058823529411764,199,0.0,1
397,21,MALE,1745,2,2.0,1.0,1.0,140700.0,3.0,0.0,0.0,0.0,0.0,852,0.0,1
398,29,MALE,721,1,2.0,3.0,4.0,598266.6666666666,5.333333333333333,0.0,0.0,35.5,0.1875,5,0.0,1
399,26,MALE,1560,2,3.0,4.0,4.0,531700.0,5.2,0.0,0.0,315.6666666666667,0.0,51,0.0,0
400,39,MALE,204,2,5.0,4.0,5.0,629100.0,7.6,1.0,3.0,54.666666666666664,0.5,2,1.0,0
401,32,MALE,181,1,5.0,5.0,4.0,345180.0,3.7142857142857144,1.0,2.0,42.75,0.0,0,4.0,0
402,26,FEMALE,841,1,4.0,5.0,5.0,448183.3333333333,3.888888888888889,0.0,1.0,131.2,0.0,16,2.0,0
403,23,MALE,716,1,4.0,5.0,5.0,573100.0,6.5,0.0,0.0,88.5,0.14705882352941177,9,0.0,0
404,22,MALE,1902,2,1.0,3.0,2.0,272900.0,3.0,0.0,0.0,359.0,0.7777777777777778,425,0.0,1
405,28,MALE,1529,1,2.0,1.0,1.0,562800.0,6.75,0.0,0.0,0.0,0.0,495,1.0,1
406,25,MALE,1874,3,1.0,1.0,1.0,316000.0,4.0,0.0,0.0,0.0,0.0,145,0.0,1
407,38,MALE,1923,2,4.0,4.0,2.0,267075.0,3.142857142857143,0.0,1.0,571.0,0.8181818181818182,547,0.0,1
408,39,MALE,1485,3,2.0,2.0,2.0,461650.0,5.0,0.0,0.0,12.0,0.0,33,0.0,1
409,21,FEMALE,716,3,0.0,0.0,0.0,0.0,0.0,0.0,0.0,0.0,0.0,7,0.0,0
410,21,MALE,454,1,2.0,1.0,1.0,283400.0,3.0,0.0,0.0,0.0,1.0,1,1.0,0
411,24,MALE,1683,3,4.0,3.0,2.0,317866.6666666667,3.6666666666666665,0.0,1.0,352.5,0.2727272727272727,0,0.0,0
412,34,FEMALE,294,2,4.0,4.0,5.0,651300.0,5.4,0.0,0.0,10.0,0.0,18,3.0,0
413,29,FEMALE,1189,1,2.0,3.0,2.0,283200.0,2.75,0.0,0.0,220.5,0.8571428571428571,18,0.0,0
414,35,MALE,14,1,5.0,4.0,4.0,428550.0,5.166666666666667,4.0,4.0,2.3333333333333335,0.8947368421052632,2,14.0,0
415,28,MALE,334,2,5.0,5.0,5.0,442557.14285714284,4.2,4.0,4.0,46.0,0.26666666666666666,2,1.0,0
416,32,MALE,208,3,5.0,2.0,2.0,509500.0,4.0,1.0,1.0,148.0,0.9,12,0.0,0
417,29,MALE,1108,2,4.0,5.0,5.0,367571.4285714286,3.5714285714285716,0.0,1.0,79.0,0.4,5,0.0,0
418,21,MALE,2023,1,3.0,1.0,1.0,469800.0,5.0,0.0,0.0,0.0,0.0,24,0.0,0
419,33,MALE,113,3,4.0,1.0,1.0,374000.0,5.333333333333333,0.0,1.0,0.0,0.0,2,5.0,0
420,30,MALE,502,2,4.0,2.0,3.0,572300.0,3.0,0.0,0.0,254.0,0.0,47,0.0,0
421,22,MALE,1812,1,1.0,1.0,1.0,461700.0,6.0,0.0,0.0,0.0,1.0,438,0.0,1
422,20,MALE,325,2,5.0,3.0,2.0,351133.3333333333,4.166666666666667,1.0,2.0,158.0,0.6363636363636364,13,0.0,0
423,32,MALE,717,3,5.0,5.0,5.0,651500.0,5.714285714285714,1.0,2.0,158.0,0.0,143,0.0,0
424,36,MALE,1605,2,4.0,3.0,4.0,689000.0,6.4,0.0,1.0,472.5,0.5,932,0.0,1
425,22,MALE,1219,1,3.0,3.0,2.0,364400.0,3.0,0.0,0.0,451.5,0.4444444444444444,0,0.0,0
426,28,MALE,1141,3,2.0,3.0,4.0,671266.6666666666,6.2,0.0,0.0,172.5,0.15,1,1.0,0
427,28,MALE,56,2,5.0,1.0,1.0,395200.0,2.0,0.0,1.0,0.0,0.0,1,4.0,0
428,26,MALE,1607,3,1.0,2.0,2.0,543900.0,3.75,0.0,0.0,375.0,0.0,9,0.0,1
429,21,MALE,164,3,5.0,4.0,2.0,270200.0,2.6666666666666665,1.0,2.0,35.0,0.5,3,4.0,0
430,37,MALE,843,2,3.0,3.0,5.0,811833.3333333334,5.5,0.0,0.0,215.0,0.0,127,0.0,0
431,27,MALE,747,1,0.0,0.0,0.0,0.0,0.0,0.0,0.0,0.0,0.0,3,2.0,0
432,36,MALE,226,1,5.0,3.0,4.0,696000.0,5.75,1.0,1.0,59.0,0.0,5,1.0,0
433,30,MALE,1045,3,3.0,5.0,5.0,695016.6666666666,6.166666666666667,0.0,0.0,96.2,0.21621621621621623,25,0.0,0
434,23,MALE,653,2,2.0,1.0,1.0,459200.0,5.0,0.0,0.0,0.0,0.0,22,0.0,1
435,29,MALE,1285,2,4.0,5.0,5.0,366585.71428571426,4.0,0.0,1.0,177.66666666666666,0.3076923076923077,100,0.0,0
436,28,MALE,1404,2,2.0,5.0,5.0,538880.0,5.875,0.0,0.0,139.75,0.41935483870967744,75,0.0,1
437,27,MALE,1941,1,1.0,2.0,2.0,351850.0,3.5,0.0,0.0,184.0,0.0,110,1.0,1
438,27,MALE,1929,2,1.0,2.0,3.0,605700.0,6.5,0.0,0.0,703.0,0.6153846153846154,26,0.0,1
439,27,MALE,40,1,0.0,0.0,0.0,0.0,0.0,0.0,0.0,0.0,0.0,1,1.0,0
440,35,MALE,1026,2,1.0,1.0,1.0,282200.0,2.0,0.0,0.0,0.0,0.0,93,0.0,1
441,32,MALE,1538,1,2.0,3.0,3.0,373166.6666666667,4.75,0.0,0.0,254.0,0.0,164,1.0,0
442,32,FEMALE,10,2,0.0,0.0,0.0,0.0,0.0,0.0,0.0,0.0,0.0,0,13.0,0
443,39,MALE,126,2,5.0,4.0,4.0,511850.0,4.75,1.0,3.0,31.0,0.0,1,2.0,0
444,39,MALE,65,1,5.0,5.0,5.0,556420.0,5.0,1.0,5.0,10.25,0.0,2,1.0,0
445,20,MALE,1564,3,0.0,0.0,0.0,0.0,0.0,0.0,0.0,0.0,0.0,96,0.0,0
446,36,FEMALE,923,1,3.0,1.0,2.0,893700.0,7.333333333333333,0.0,0.0,0.0,1.0,339,0.0,1
447,28,FEMALE,154,2,5.0,4.0,3.0,357975.0,5.0,1.0,3.0,34.0,0.0,2,0.0,0
448,25,MALE,1311,3,0.0,0.0,0.0,0.0,0.0,0.0,0.0,0.0,0.0,88,0.0,0
449,26,MALE,1945,1,1.0,3.0,3.0,445000.0,4.666666666666667,0.0,0.0,457.0,0.07142857142857142,304,0.0,1
450,23,MALE,1990,2,2.0,2.0,2.0,362200.0,2.5,0.0,0.0,433.0,0.6,12,1.0,0
451,20,MALE,559,1,4.0,3.0,4.0,543966.6666666666,4.333333333333333,0.0,1.0,124.5,0.3076923076923077,1,1.0,0
452,39,MALE,1032,2,2.0,2.0,2.0,404750.0,4.0,0.0,0.0,176.0,0.0,7,0.0,1
453,28,MALE,458,3,5.0,3.0,4.0,668466.6666666666,8.666666666666666,1.0,1.0,126.5,0.15384615384615385,13,0.0,0
454,26,FEMALE,1880,3,3.0,3.0,3.0,537633.3333333334,5.0,0.0,0.0,271.0,0.7333333333333333,80,0.0,0
455,37,MALE,55,3,5.0,2.0,1.0,268300.0,5.8,1.0,2.0,13.0,0.125,7,10.0,0
456,29,MALE,733,1,2.0,2.0,2.0,483550.0,3.3333333333333335,0.0,0.0,167.0,0.0,343,0.0,1
457,33,MALE,1682,2,1.0,3.0,4.0,670766.6666666666,5.25,0.0,0.0,467.0,0.3157894736842105,12,0.0,1
458,25,MALE,1888,3,1.0,1.0,1.0,179100.0,4.0,0.0,0.0,0.0,1.0,17,0.0,1
459,35,MALE,1290,2,3.0,5.0,5.0,518542.85714285716,4.625,0.0,0.0,168.16666666666666,0.4,28,0.0,0
460,20,MALE,1825,1,1.0,2.0,3.0,770400.0,6.333333333333333,0.0,0.0,400.0,0.0,37,0.0,1
461,29,MALE,651,1,2.0,3.0,4.0,611466.6666666666,5.5,0.0,0.0,93.5,0.8125,1,0.0,1
462,24,MALE,1238,1,4.0,4.0,4.0,442100.0,4.142857142857143,0.0,1.0,335.0,0.7222222222222222,42,0.0,0
463,23,MALE,2007,1,3.0,5.0,5.0,532500.0,4.4,0.0,0.0,286.5,0.2903225806451613,94,0.0,0
464,28,MALE,860,1,0.0,0.0,0.0,0.0,0.0,0.0,0.0,0.0,0.0,0,0.0,0
465,38,FEMALE,1171,2,4.0,4.0,4.0,465250.0,4.0,0.0,2.0,130.0,0.0,207,1.0,1
466,39,MALE,1361,3,3.0,2.0,3.0,635700.0,3.4,0.0,0.0,745.0,0.0,12,0.0,0
467,33,MALE,818,3,4.0,5.0,4.0,432560.0,4.0,0.0,0.0,155.0,0.55,51,0.0,0
468,32,MALE,916,3,3.0,5.0,5.0,468380.0,4.714285714285714,0.0,0.0,190.5,0.5263157894736842,24,1.0,0
469,24,MALE,1601,3,3.0,5.0,5.0,319200.0,3.533333333333333,0.0,0.0,131.8181818181818,0.3953488372093023,39,0.0,0
470,37,FEMALE,1506,3,4.0,5.0,3.0,257883.33333333334,4.142857142857143,0.0,1.0,277.4,0.42105263157894735,342,0.0,1
471,35,MALE,1500,2,2.0,1.0,1.0,111200.0,3.5,0.0,0.0,0.0,1.0,667,0.0,1
472,28,FEMALE,1227,2,3.0,3.0,4.0,681900.0,6.75,0.0,0.0,514.0,0.25,148,0.0,0
473,32,MALE,1323,3,1.0,2.0,3.0,755050.0,8.333333333333334,0.0,0.0,317.0,0.5,40,0.0,1
474,26,MALE,1972,1,1.0,3.0,2.0,317733.3333333333,5.0,0.0,0.0,344.0,0.42857142857142855,42,0.0,1
475,35,MALE,1981,1,1.0,2.0,3.0,745350.0,5.666666666666667,0.0,0.0,140.0,0.0,64,0.0,1
476,20,FEMALE,294,1,5.0,3.0,3.0,500433.3333333333,5.333333333333333,1.0,1.0,102.0,0.1875,62,0.0,0
477,36,MALE,809,1,3.0,4.0,5.0,823500.0,6.6,0.0,0.0,90.0,0.6428571428571429,26,0.0,0
478,22,MALE,707,3,5.0,3.0,2.0,239133.33333333334,3.75,1.0,1.0,147.5,0.0,19,0.0,0
479,21,FEMALE,1008,2,5.0,5.0,5.0,643940.0,6.5,1.0,2.0,215.5,0.17647058823529413,31,0.0,0
480,20,MALE,556,3,3.0,3.0,3.0,414533.3333333333,3.2,0.0,0.0,136.0,0.38461538461538464,27,0.0,0
481,33,MALE,919,3,2.0,1.0,1.0,323000.0,1.5,0.0,0.0,0.0,0.0,102,0.0,0
482,21,MALE,158,1,4.0,3.0,4.0,556500.0,5.285714285714286,0.0,1.0,55.0,0.2,5,0.0,0
483,40,MALE,1150,2,3.0,2.0,2.0,404050.0,5.0,0.0,0.0,841.0,0.0,5,0.0,0
484,38,MALE,949,1,1.0,4.0,4.0,483100.0,6.0,0.0,0.0,51.666666666666664,0.0,39,1.0,1
485,23,MALE,1441,1,2.0,2.0,2.0,528150.0,6.5,0.0,0.0,272.0,0.0,335,0.0,1
486,22,FEMALE,156,1,4.0,4.0,5.0,617000.0,5.333333333333333,0.0,4.0,3.6666666666666665,0.0,5,0.0,0
487,32,MALE,1336,1,2.0,4.0,4.0,544250.0,5.142857142857143,0.0,0.0,268.6666666666667,0.14285714285714285,220,1.0,1
488,24,MALE,358,1,4.0,2.0,2.0,500250.0,4.5,0.0,1.0,143.0,0.0,37,1.0,0
489,21,FEMALE,373,2,4.0,2.0,3.0,725750.0,5.666666666666667,0.0,0.0,258.0,1.0,5,0.0,0
490,24,MALE,1517,2,4.0,5.0,5.0,582680.0,5.6,0.0,1.0,311.75,0.5714285714285714,32,0.0,0
491,33,MALE,117,1,4.0,2.0,3.0,684900.0,5.0,0.0,1.0,37.0,1.0,6,0.0,0
492,22,MALE,84,1,5.0,3.0,5.0,873800.0,6.75,3.0,3.0,6.0,0.5909090909090909,11,5.0,0
493,23,MALE,1831,1,5.0,4.0,3.0,299425.0,4.2,0.0,1.0,512.3333333333334,0.2727272727272727,63,1.0,0
494,38,MALE,2017,1,4.0,4.0,4.0,494475.0,5.25,0.0,1.0,573.0,0.23809523809523808,31,1.0,0
495,21,MALE,517,2,4.0,3.0,5.0,832166.6666666666,7.5,0.0,1.0,125.5,0.47619047619047616,6,0.0,0
496,40,MALE,1029,2,4.0,1.0,2.0,808200.0,8.0,0.0,1.0,0.0,1.0,7,0.0,0
497,24,MALE,227,2,4.0,5.0,5.0,633533.3333333334,7.333333333333333,0.0,3.0,28.0,0.20454545454545456,64,4.0,0
498,28,MALE,681,3,5.0,3.0,1.0,162233.33333333334,3.4,0.0,1.0,304.5,0.375,4,0.0,0
499,24,FEMALE,811,1,3.0,1.0,1.0,131000.0,2.0,0.0,0.0,0.0,0.0,0,1.0,0
500,29,FEMALE,1395,2,2.0,2.0,2.0,502850.0,3.5,0.0,0.0,297.0,0.0,374,0.0,1
501,30,MALE,552,1,2.0,3.0,2.0,293766.6666666667,5.25,0.0,0.0,72.5,0.0,2,1.0,1
502,31,MALE,1323,3,5.0,5.0,5.0,427433.3333333333,4.0,1.0,1.0,248.2,0.7777777777777778,16,0.0,0
503,22,MALE,1070,3,2.0,3.0,3.0,376700.0,4.0,0.0,0.0,254.5,1.0,44,0.0,1
504,22,MALE,1285,2,2.0,3.0,5.0,1085900.0,7.333333333333333,0.0,0.0,351.0,0.0,7,0.0,1
505,34,MALE,1273,3,2.0,4.0,5.0,770175.0,5.833333333333333,0.0,0.0,265.0,0.0,254,0.0,1
506,30,MALE,1843,2,5.0,5.0,5.0,505250.0,3.8333333333333335,0.0,2.0,264.6,0.21739130434782608,264,0.0,1
507,35,FEMALE,1871,1,2.0,4.0,3.0,403850.0,3.8,0.0,0.0,491.3333333333333,0.3076923076923077,56,0.0,0
508,28,MALE,1777,1,1.0,3.0,4.0,716700.0,5.5,0.0,0.0,482.5,1.0,31,0.0,1
509,35,FEMALE,964,1,2.0,5.0,5.0,536440.0,5.833333333333333,0.0,0.0,119.0,0.0,34,0.0,1
510,33,MALE,1730,1,5.0,3.0,3.0,452300.0,5.25,0.0,1.0,767.0,0.2,4,0.0,0
511,22,MALE,615,2,2.0,2.0,2.0,491450.0,4.0,0.0,0.0,271.0,0.1111111111111111,25,1.0,0
512,22,MALE,1167,1,1.0,3.0,2.0,356300.0,3.25,0.0,0.0,285.5,0.5,264,0.0,1
513,35,FEMALE,1039,3,1.0,2.0,1.0,226500.0,1.5,0.0,0.0,263.0,0.3333333333333333,288,1.0,1
514,33,MALE,1524,3,1.0,2.0,2.0,416150.0,3.3333333333333335,0.0,0.0,82.0,0.42857142857142855,41,0.0,1
515,39,MALE,2036,2,0.0,0.0,0.0,0.0,0.0,0.0,0.0,0.0,0.0,37,0.0,0
516,36,MALE,1446,2,2.0,3.0,4.0,592233.3333333334,5.75,0.0,0.0,356.0,0.8888888888888888,25,0.0,0
517,35,MALE,2018,1,4.0,2.0,1.0,268450.0,3.0,0.0,1.0,1528.0,0.0,163,0.0,0
518,23,MALE,938,3,3.0,2.0,2.0,526100.0,5.75,0.0,0.0,539.0,0.45454545454545453,14,0.0,0
519,28,FEMALE,1779,2,3.0,5.0,5.0,507640.0,5.0,0.0,0.0,364.5,0.28,46,0.0,0
520,38,MALE,1813,1,3.0,2.0,4.0,869300.0,6.0,0.0,0.0,1555.0,0.0,162,0.0,0
521,32,MALE,2024,3,1.0,2.0,4.0,887950.0,5.5,0.0,0.0,129.0,0.5454545454545454,28,0.0,1
522,32,MALE,1497,1,0.0,0.0,0.0,0.0,0.0,0.0,0.0,0.0,0.0,90,0.0,0
523,39,FEMALE,1447,1,4.0,5.0,5.0,543850.0,4.222222222222222,0.0,1.0,241.6,0.0,13,1.0,0
524,24,MALE,755,1,3.0,5.0,4.0,386780.0,4.142857142857143,0.0,0.0,118.0,0.14285714285714285,36,1.0,0
525,34,MALE,1519,1,2.0,2.0,2.0,422250.0,4.0,0.0,0.0,409.0,0.0,25,0.0,0
526,32,MALE,220,3,3.0,1.0,2.0,721400.0,8.5,0.0,0.0,0.0,0.0,45,1.0,0
527,33,MALE,857,2,1.0,2.0,2.0,457050.0,3.0,0.0,0.0,54.0,0.25,3,0.0,1
528,20,MALE,1900,3,2.0,2.0,3.0,582300.0,5.5,0.0,0.0,878.0,0.0,28,0.0,1
529,27,MALE,1220,2,1.0,1.0,1.0,678200.0,4.5,0.0,0.0,0.0,0.0,33,0.0,1
530,22,MALE,2027,3,1.0,3.0,4.0,700100.0,6.142857142857143,0.0,0.0,385.5,0.0,177,0.0,1
531,35,MALE,890,1,3.0,1.0,1.0,255200.0,2.0,0.0,0.0,0.0,0.0,24,1.0,0
532,21,FEMALE,1525,2,1.0,1.0,1.0,131000.0,2.0,0.0,0.0,0.0,0.0,9,0.0,1
533,32,FEMALE,773,2,2.0,3.0,2.0,351533.3333333333,2.75,0.0,0.0,90.0,0.0,29,0.0,1
534,37,MALE,1671,2,4.0,1.0,1.0,51500.0,2.75,0.0,1.0,0.0,1.0,0,0.0,0
535,33,MALE,709,1,1.0,1.0,1.0,213000.0,4.666666666666667,0.0,0.0,0.0,0.0,1,2.0,1
536,33,FEMALE,440,1,4.0,3.0,3.0,443566.6666666667,4.0,0.0,2.0,45.5,0.08333333333333333,248,0.0,1
537,20,MALE,504,1,5.0,3.0,2.0,340833.3333333333,3.25,1.0,1.0,230.0,0.7777777777777778,2,1.0,0
538,26,MALE,932,1,3.0,2.0,1.0,277800.0,3.0,0.0,0.0,335.0,0.0,146,0.0,0
539,24,MALE,1659,2,3.0,2.0,4.0,1097700.0,6.0,0.0,0.0,24.0,0.0,157,1.0,0
540,31,MALE,2002,3,0.0,0.0,0.0,0.0,0.0,0.0,0.0,0.0,0.0,5,0.0,0
541,39,FEMALE,1882,3,4.0,5.0,4.0,386820.0,3.4,0.0,0.0,360.75,0.23529411764705882,59,0.0,0
542,30,MALE,515,1,3.0,3.0,5.0,803800.0,6.6,0.0,0.0,35.5,0.35,4,0.0,0
543,23,MALE,1269,2,3.0,5.0,5.0,799950.0,8.333333333333334,0.0,0.0,164.0,0.4,233,0.0,1
544,32,MALE,856,1,0.0,0.0,0.0,0.0,0.0,0.0,0.0,0.0,0.0,49,0.0,0
545,30,MALE,195,1,4.0,2.0,2.0,450900.0,4.25,0.0,1.0,102.0,0.5,23,1.0,0
546,21,MALE,1969,1,1.0,1.0,1.0,136500.0,4.75,0.0,0.0,0.0,0.0,13,0.0,1
547,27,MALE,975,2,3.0,5.0,4.0,441900.0,4.833333333333333,0.0,0.0,156.0,0.2692307692307692,179,0.0,0
548,38,MALE,13,2,5.0,5.0,5.0,429825.0,4.5,8.0,8.0,1.0,0.3888888888888889,0,12.0,0
549,36,MALE,169,2,4.0,3.0,3.0,511133.3333333333,6.0,0.0,1.0,57.5,0.15384615384615385,10,0.0,0
550,32,MALE,1144,2,2.0,2.0,2.0,390350.0,6.333333333333333,0.0,0.0,800.0,0.3,16,0.0,0
551,35,MALE,1614,3,1.0,5.0,4.0,381716.6666666667,3.7142857142857144,0.0,0.0,197.0,0.0,1128,0.0,1
552,30,MALE,1656,3,1.0,1.0,1.0,573800.0,3.0,0.0,0.0,0.0,0.0,37,0.0,1
553,34,MALE,265,3,4.0,5.0,5.0,550660.0,5.0,0.0,1.0,45.5,0.56,3,0.0,0
554,31,MALE,917,1,2.0,2.0,3.0,646250.0,6.0,0.0,0.0,82.0,0.0,214,0.0,1
555,34,MALE,1172,2,2.0,3.0,2.0,363933.3333333333,5.8,0.0,0.0,320.0,0.0,8,0.0,1
556,20,MALE,1732,2,3.0,2.0,3.0,577050.0,4.0,0.0,0.0,1525.0,0.4,13,0.0,0
557,34,MALE,1982,2,1.0,1.0,2.0,991800.0,5.5,0.0,0.0,0.0,0.0,76,0.0,1
558,35,MALE,964,2,3.0,4.0,4.0,424775.0,4.6,0.0,0.0,167.66666666666666,1.0,97,1.0,0
559,21,MALE,920,1,5.0,2.0,4.0,832850.0,8.666666666666666,1.0,1.0,393.0,0.0,2,0.0,0
560,32,MALE,881,1,2.0,3.0,3.0,384166.6666666667,3.5,0.0,0.0,131.0,0.3333333333333333,35,1.0,0
561,32,MALE,1281,1,1.0,1.0,1.0,430700.0,6.0,0.0,0.0,0.0,0.0,7,0.0,1
562,34,MALE,737,1,5.0,3.0,2.0,308966.6666666667,4.75,1.0,1.0,163.5,0.5,6,0.0,0
563,25,MALE,295,3,2.0,1.0,1.0,43400.0,2.0,0.0,0.0,0.0,0.0,0,1.0,0
564,33,MALE,1948,1,1.0,2.0,4.0,963850.0,7.333333333333333,0.0,0.0,211.0,0.0,123,0.0,1
565,23,MALE,1222,2,1.0,2.0,1.0,182500.0,3.0,0.0,0.0,199.0,0.0,57,0.0,1
566,29,MALE,1103,1,2.0,2.0,4.0,850250.0,6.0,0.0,0.0,67.0,0.5,8,0.0,1
567,23,MALE,960,2,2.0,1.0,1.0,332400.0,3.3333333333333335,0.0,0.0,0.0,0.0,44,0.0,1
568,29,MALE,1333,1,1.0,1.0,1.0,212600.0,2.0,0.0,0.0,0.0,1.0,18,1.0,1
569,36,FEMALE,632,1,2.0,2.0,1.0,293450.0,3.3333333333333335,0.0,0.0,33.0,0.0,15,0.0,1
570,27,MALE,118,3,5.0,3.0,4.0,597066.6666666666,5.0,1.0,1.0,48.0,0.6153846153846154,0,0.0,0
571,32,MALE,161,2,3.0,1.0,1.0,655300.0,4.0,0.0,0.0,0.0,0.0,2,2.0,0
572,32,MALE,829,3,0.0,0.0,0.0,0.0,0.0,0.0,0.0,0.0,0.0,14,0.0,0
573,24,MALE,1928,2,0.0,0.0,0.0,0.0,0.0,0.0,0.0,0.0,0.0,55,0.0,0
574,36,MALE,132,2,4.0,2.0,4.0,903400.0,7.4,0.0,1.0,75.0,1.0,7,0.0,0
575,29,MALE,233,3,4.0,3.0,4.0,564200.0,5.25,0.0,2.0,21.0,0.0,36,2.0,0
576,20,FEMALE,380,2,4.0,3.0,2.0,350466.6666666667,3.25,0.0,0.0,140.5,0.0,34,0.0,0
577,27,MALE,77,2,5.0,2.0,3.0,583350.0,5.5,2.0,2.0,2.0,0.0,6,8.0,0
578,39,FEMALE,1749,3,1.0,1.0,1.0,290700.0,6.333333333333333,0.0,0.0,0.0,1.0,103,0.0,1
579,32,MALE,41,2,5.0,2.0,5.0,1213400.0,6.4,0.0,2.0,2.0,0.5,3,8.0,0
580,28,MALE,1455,1,2.0,3.0,2.0,305633.3333333333,3.3333333333333335,0.0,0.0,149.5,0.5,51,0.0,0
581,28,MALE,965,2,0.0,0.0,0.0,0.0,0.0,0.0,0.0,0.0,0.0,18,0.0,0
582,24,FEMALE,235,3,4.0,1.0,3.0,1192600.0,8.666666666666666,0.0,0.0,0.0,1.0,1,0.0,0
583,40,MALE,1598,1,3.0,1.0,2.0,752600.0,6.2,0.0,0.0,0.0,0.0,46,0.0,0
584,27,MALE,453,1,3.0,2.0,2.0,543500.0,6.5,0.0,0.0,85.0,0.0,5,0.0,0
585,23,MALE,1178,3,5.0,3.0,3.0,446166.6666666667,2.8,0.0,1.0,485.5,0.0,14,0.0,0
586,35,MALE,119,2,4.0,1.0,1.0,308900.0,5.0,0.0,1.0,0.0,0.0,15,2.0,0
587,27,MALE,594,1,4.0,2.0,2.0,354800.0,4.333333333333333,0.0,1.0,361.0,0.5,120,0.0,0
588,21,MALE,1909,3,2.0,1.0,1.0,584700.0,6.0,0.0,0.0,0.0,1.0,45,0.0,0
589,35,MALE,708,2,5.0,3.0,4.0,664133.3333333334,6.0,1.0,1.0,263.0,0.38095238095238093,21,0.0,0
590,21,MALE,1781,2,2.0,3.0,4.0,675833.3333333334,3.6666666666666665,0.0,0.0,426.0,0.23529411764705882,147,0.0,1
591,35,MALE,1032,2,5.0,2.0,2.0,397750.0,2.3333333333333335,1.0,1.0,372.0,0.0,6,0.0,0
592,25,MALE,1845,2,5.0,4.0,5.0,661925.0,5.2,1.0,1.0,455.6666666666667,0.42105263157894735,1,1.0,0
593,20,MALE,1458,1,5.0,4.0,4.0,508750.0,5.5,1.0,1.0,461.6666666666667,0.6666666666666666,13,0.0,0
594,35,MALE,693,2,2.0,1.0,2.0,700400.0,3.5,0.0,0.0,0.0,0.0,22,0.0,1
595,28,MALE,839,2,2.0,2.0,2.0,363200.0,3.0,0.0,0.0,432.0,0.0,9,0.0,1
596,29,MALE,257,3,3.0,3.0,4.0,581166.6666666666,6.75,0.0,0.0,50.0,0.2631578947368421,30,2.0,0
597,40,MALE,947,1,3.0,4.0,5.0,842500.0,5.75,0.0,0.0,312.0,0.4090909090909091,40,2.0,0
598,28,MALE,1267,2,2.0,5.0,5.0,430800.0,4.0,0.0,0.0,105.66666666666667,0.35714285714285715,272,0.0,1
599,22,MALE,1908,2,1.0,4.0,4.0,472325.0,3.5,0.0,0.0,334.3333333333333,0.5294117647058824,11,0.0,1
600,40,MALE,1737,2,1.0,4.0,2.0,320700.0,4.2,0.0,0.0,181.5,0.0,173,0.0,1
601,32,MALE,707,1,5.0,1.0,2.0,909200.0,6.0,0.0,1.0,0.0,0.0,8,0.0,0
602,31,MALE,331,1,4.0,2.0,2.0,426050.0,5.25,0.0,1.0,262.0,0.375,34,0.0,0
603,31,MALE,1918,2,1.0,1.0,1.0,600100.0,6.5,0.0,0.0,0.0,0.0,34,1.0,1
604,32,MALE,1143,3,3.0,1.0,2.0,697100.0,6.0,0.0,0.0,0.0,1.0,18,0.0,0
605,33,MALE,1110,3,5.0,5.0,5.0,584866.6666666666,5.3,2.0,2.0,212.8,0.12121212121212122,142,0.0,0
606,37,MALE,559,3,3.0,4.0,3.0,400625.0,4.0,0.0,0.0,81.0,1.0,30,0.0,0
607,38,MALE,1470,2,2.0,2.0,3.0,582950.0,5.0,0.0,0.0,635.0,0.7,4,0.0,1
608,37,MALE,1543,1,2.0,1.0,1.0,550100.0,5.0,0.0,0.0,0.0,0.0,63,0.0,1
609,33,MALE,534,1,0.0,0.0,0.0,0.0,0.0,0.0,0.0,0.0,0.0,39,2.0,0
610,37,MALE,2006,2,4.0,4.0,3.0,295250.0,4.333333333333333,0.0,0.0,491.3333333333333,0.3076923076923077,11,0.0,0
611,39,MALE,1603,2,1.0,1.0,1.0,581100.0,3.5,0.0,0.0,0.0,1.0,581,1.0,1
612,29,MALE,1297,3,3.0,5.0,5.0,533433.3333333334,5.333333333333333,0.0,0.0,202.4,0.8181818181818182,3,0.0,0
613,25,MALE,1896,2,5.0,4.0,2.0,284933.3333333333,3.25,1.0,1.0,285.0,0.14285714285714285,34,0.0,0
614,24,MALE,188,2,5.0,2.0,3.0,648250.0,6.5,1.0,1.0,170.0,0.0,1,1.0,0
615,32,MALE,1930,2,0.0,0.0,0.0,0.0,0.0,0.0,0.0,0.0,0.0,30,0.0,0
616,31,FEMALE,66,1,5.0,5.0,5.0,561450.0,4.714285714285714,2.0,6.0,11.8,0.5185185185185185,0,7.0,0
617,22,MALE,1120,3,3.0,5.0,5.0,585660.0,5.166666666666667,0.0,0.0,216.75,0.375,8,0.0,0
618,37,MALE,734,1,5.0,5.0,5.0,435166.6666666667,4.833333333333333,1.0,2.0,122.4,0.3103448275862069,66,0.0,0
619,30,MALE,187,3,4.0,2.0,2.0,386050.0,3.6666666666666665,0.0,1.0,96.0,0.0,24,0.0,0
620,25,MALE,1173,3,1.0,2.0,3.0,640800.0,4.25,0.0,0.0,13.0,0.0,20,0.0,1
621,39,MALE,872,2,2.0,4.0,3.0,397350.0,4.0,0.0,0.0,107.33333333333333,0.375,86,0.0,1
622,31,MALE,1179,1,3.0,2.0,3.0,719300.0,7.0,0.0,0.0,253.0,0.0,9,1.0,0
623,40,MALE,1635,1,1.0,1.0,1.0,636300.0,6.0,0.0,0.0,0.0,0.0,17,0.0,1
624,26,MALE,1549,1,2.0,1.0,2.0,719400.0,6.0,0.0,0.0,0.0,0.0,29,0.0,1
625,22,MALE,576,1,3.0,2.0,2.0,556450.0,4.666666666666667,0.0,0.0,146.0,0.4166666666666667,31,0.0,0
626,23,MALE,1645,3,1.0,1.0,1.0,471600.0,5.666666666666667,0.0,0.0,0.0,1.0,185,0.0,1
627,26,MALE,1423,3,2.0,4.0,2.0,260300.0,3.5,0.0,0.0,381.6666666666667,0.5,51,0.0,0
628,30,MALE,1231,2,1.0,1.0,2.0,699900.0,5.0,0.0,0.0,0.0,0.0,51,0.0,1
629,24,MALE,663,1,2.0,2.0,3.0,752400.0,5.6,0.0,0.0,94.0,0.16666666666666666,17,0.0,1
630,36,MALE,1995,2,1.0,1.0,1.0,148900.0,3.3333333333333335,0.0,0.0,0.0,0.0,76,0.0,1
631,29,MALE,614,1,0.0,0.0,0.0,0.0,0.0,0.0,0.0,0.0,0.0,9,2.0,0
632,28,MALE,2041,3,1.0,2.0,1.0,246900.0,3.6666666666666665,0.0,0.0,947.0,0.0,27,0.0,1
633,38,MALE,1863,2,2.0,1.0,2.0,767400.0,4.666666666666667,0.0,0.0,0.0,0.0,104,0.0,1
634,34,MALE,1454,2,4.0,5.0,4.0,330040.0,3.7142857142857144,0.0,1.0,305.5,0.5384615384615384,132,0.0,0
635,25,MALE,503,3,5.0,4.0,3.0,305525.0,2.2,1.0,2.0,152.33333333333334,0.3333333333333333,3,2.0,0
636,21,MALE,1167,3,3.0,2.0,2.0,556800.0,5.333333333333333,0.0,0.0,292.0,0.0,43,0.0,0
637,29,MALE,644,2,5.0,5.0,5.0,552680.0,4.375,1.0,1.0,135.25,0.19230769230769232,171,0.0,0
638,29,MALE,1773,1,4.0,4.0,2.0,223225.0,2.8,0.0,0.0,441.0,0.2,132,1.0,0
639,38,MALE,460,2,2.0,1.0,1.0,249900.0,3.0,0.0,0.0,0.0,1.0,7,0.0,1
640,21,MALE,1396,2,4.0,4.0,4.0,429850.0,4.428571428571429,0.0,1.0,413.6666666666667,0.75,88,0.0,0
641,36,MALE,1479,1,2.0,4.0,4.0,664100.0,5.666666666666667,0.0,0.0,415.5,0.0,22,0.0,1
642,39,MALE,835,2,3.0,5.0,5.0,494720.0,5.0,0.0,0.0,162.0,0.0,2,0.0,0
643,40,MALE,386,3,0.0,0.0,0.0,0.0,0.0,0.0,0.0,0.0,0.0,6,1.0,0
644,32,MALE,195,1,5.0,4.0,3.0,495633.3333333333,3.6666666666666665,0.0,1.0,50.0,0.0,8,0.0,0
645,39,MALE,136,3,5.0,2.0,3.0,587300.0,6.666666666666667,0.0,2.0,33.0,0.8,2,2.0,0
646,33,MALE,673,2,4.0,2.0,3.0,645900.0,5.333333333333333,0.0,0.0,46.0,1.0,34,0.0,0
647,24,MALE,1714,2,1.0,5.0,5.0,585720.0,6.166666666666667,0.0,0.0,116.75,0.3125,18,0.0,1
648,37,MALE,1727,2,1.0,4.0,3.0,492033.3333333333,5.0,0.0,0.0,92.0,0.5625,95,0.0,1
649,21,MALE,159,1,5.0,2.0,2.0,433300.0,3.25,0.0,2.0,47.0,0.0,40,3.0,0
650,33,MALE,794,3,3.0,2.0,2.0,542100.0,3.0,0.0,0.0,146.0,0.3333333333333333,105,0.0,0
651,40,MALE,1615,3,1.0,2.0,4.0,966700.0,7.0,0.0,0.0,177.0,0.5294117647058824,474,0.0,1
652,35,MALE,1194,2,3.0,2.0,3.0,606500.0,6.5,0.0,0.0,119.0,0.5384615384615384,147,0.0,0
653,36,MALE,524,2,4.0,4.0,5.0,774200.0,5.5,0.0,0.0,124.0,0.35,8,1.0,0
654,20,MALE,71,2,4.0,2.0,4.0,876450.0,5.333333333333333,0.0,2.0,3.0,0.0,6,2.0,0
655,26,MALE,721,1,2.0,2.0,3.0,722350.0,8.0,0.0,0.0,386.0,1.0,22,0.0,0
656,25,MALE,129,3,5.0,2.0,1.0,332850.0,5.0,1.0,2.0,43.0,0.875,1,3.0,0
657,38,MALE,1030,3,5.0,1.0,2.0,969600.0,9.0,1.0,1.0,0.0,0.0,94,0.0,0
658,25,MALE,1822,1,1.0,4.0,3.0,394600.0,4.2,0.0,0.0,343.6666666666667,0.0,20,0.0,1
659,40,MALE,753,2,5.0,5.0,5.0,620940.0,6.5,1.0,1.0,145.25,0.3793103448275862,36,0.0,0
660,33,MALE,1799,1,2.0,4.0,3.0,434166.6666666667,6.0,0.0,0.0,543.5,0.6666666666666666,18,0.0,1
661,24,MALE,1308,2,1.0,4.0,4.0,660833.3333333334,4.75,0.0,0.0,304.5,0.25,188,0.0,1
662,34,FEMALE,898,2,5.0,4.0,4.0,568733.3333333334,4.0,1.0,2.0,231.0,0.0,14,0.0,0
663,25,MALE,744,3,5.0,4.0,3.0,355050.0,3.625,1.0,1.0,135.0,0.0,93,0.0,0
664,30,MALE,1598,1,2.0,1.0,1.0,326400.0,5.0,0.0,0.0,0.0,1.0,123,1.0,1
665,34,MALE,423,2,3.0,1.0,1.0,231900.0,4.5,0.0,0.0,0.0,0.0,53,0.0,0
666,27,MALE,1780,1,2.0,4.0,3.0,436333.3333333333,4.0,0.0,0.0,293.5,0.16666666666666666,25,0.0,0
667,35,MALE,105,3,5.0,1.0,1.0,615000.0,8.0,1.0,1.0,0.0,0.0,9,4.0,0
668,38,MALE,789,2,2.0,5.0,4.0,351540.0,3.8,0.0,0.0,72.75,0.0,11,0.0,1
669,30,MALE,505,3,0.0,0.0,0.0,0.0,0.0,0.0,0.0,0.0,0.0,1,0.0,0
670,37,MALE,1318,1,0.0,0.0,0.0,0.0,0.0,0.0,0.0,0.0,0.0,438,0.0,1
671,30,MALE,1491,2,0.0,0.0,0.0,0.0,0.0,0.0,0.0,0.0,0.0,52,1.0,0
672,30,MALE,1219,1,3.0,2.0,3.0,588700.0,3.6,0.0,0.0,147.0,0.42857142857142855,6,0.0,0
673,31,MALE,458,2,4.0,2.0,4.0,947550.0,6.333333333333333,0.0,1.0,172.0,0.3076923076923077,12,0.0,0
674,26,MALE,1939,3,2.0,1.0,2.0,756000.0,6.0,0.0,0.0,0.0,0.0,41,0.0,1
675,34,MALE,1915,3,0.0,0.0,0.0,0.0,0.0,0.0,0.0,0.0,0.0,89,1.0,0
676,24,FEMALE,2003,3,2.0,1.0,1.0,189400.0,4.0,0.0,0.0,0.0,0.0,59,0.0,0
677,37,MALE,55,3,5.0,2.0,3.0,742550.0,6.666666666666667,0.0,2.0,7.0,0.42857142857142855,0,5.0,0
678,36,MALE,651,1,5.0,5.0,4.0,397880.0,4.428571428571429,0.0,3.0,79.25,0.52,23,0.0,0
679,40,FEMALE,1519,1,1.0,2.0,2.0,394600.0,3.8,0.0,0.0,339.0,0.0,23,0.0,1
680,39,MALE,1110,1,3.0,4.0,3.0,395800.0,4.6,0.0,0.0,138.5,0.0,108,2.0,0
681,24,MALE,911,3,4.0,4.0,2.0,302366.6666666667,3.0,0.0,1.0,312.5,0.4444444444444444,45,0.0,0
682,27,MALE,1214,3,0.0,0.0,0.0,0.0,0.0,0.0,0.0,0.0,0.0,15,0.0,0
683,33,MALE,746,1,3.0,4.0,5.0,734100.0,6.4,0.0,0.0,160.0,0.24,12,0.0,0
684,32,MALE,1407,3,1.0,2.0,4.0,832800.0,8.0,0.0,0.0,175.0,0.625,91,0.0,1
685,36,FEMALE,240,2,0.0,0.0,0.0,0.0,0.0,0.0,0.0,0.0,0.0,5,0.0,0
686,24,MALE,663,2,4.0,4.0,3.0,440366.6666666667,5.6,0.0,1.0,243.5,0.21428571428571427,15,0.0,0
687,30,MALE,924,1,0.0,0.0,0.0,0.0,0.0,0.0,0.0,0.0,0.0,10,0.0,0
688,29,MALE,1874,1,2.0,4.0,5.0,886133.3333333334,6.0,0.0,0.0,566.0,0.8181818181818182,1,0.0,1
689,23,MALE,1480,3,2.0,4.0,4.0,443375.0,5.333333333333333,0.0,0.0,229.66666666666666,0.3181818181818182,101,0.0,1
690,37,MALE,852,3,1.0,4.0,3.0,505433.3333333333,5.0,0.0,0.0,114.5,0.45454545454545453,22,0.0,1
691,33,MALE,1524,3,2.0,1.0,1.0,566000.0,4.75,0.0,0.0,0.0,0.0,242,0.0,1
692,22,MALE,1439,3,3.0,5.0,5.0,722720.0,6.0,0.0,0.0,253.0,0.0,279,0.0,1
693,31,MALE,1318,3,1.0,4.0,3.0,518666.6666666667,6.2,0.0,0.0,289.0,0.7058823529411765,28,0.0,1
694,24,MALE,923,2,3.0,2.0,2.0,503350.0,4.5,0.0,0.0,602.0,0.0,40,0.0,0
695,22,MALE,1184,3,4.0,4.0,5.0,711925.0,5.833333333333333,0.0,0.0,351.6666666666667,0.0,30,0.0,0
696,37,MALE,1469,2,1.0,2.0,1.0,236200.0,3.0,0.0,0.0,333.0,0.0,153,0.0,1
697,23,MALE,1558,1,1.0,4.0,5.0,636725.0,6.0,0.0,0.0,171.66666666666666,0.16666666666666666,2,0.0,1
698,40,MALE,484,3,3.0,4.0,4.0,497825.0,5.0,0.0,0.0,59.333333333333336,0.19047619047619047,10,0.0,0
699,26,MALE,1631,2,2.0,2.0,1.0,271100.0,2.0,0.0,0.0,262.0,0.0,51,0.0,1
700,37,MALE,1822,1,1.0,1.0,2.0,773700.0,8.0,0.0,0.0,0.0,0.0,128,1.0,1
701,40,MALE,409,3,3.0,1.0,1.0,553900.0,10.0,0.0,0.0,0.0,1.0,52,0.0,0
702,22,MALE,163,2,4.0,4.0,5.0,641200.0,6.0,0.0,1.0,27.666666666666668,0.5238095238095238,1,2.0,0
703,31,MALE,1605,2,1.0,2.0,2.0,444950.0,4.5,0.0,0.0,695.0,0.0,31,0.0,1
704,26,MALE,1965,1,1.0,1.0,1.0,652900.0,8.0,0.0,0.0,0.0,1.0,300,0.0,1
705,31,MALE,946,2,3.0,4.0,3.0,456866.6666666667,4.0,0.0,0.0,280.5,0.08333333333333333,198,0.0,1
706,39,FEMALE,1154,1,1.0,1.0,1.0,217500.0,3.0,0.0,0.0,0.0,0.0,11,0.0,1
707,29,MALE,1103,2,2.0,1.0,2.0,815200.0,4.5,0.0,0.0,0.0,1.0,24,0.0,0
708,27,MALE,721,2,2.0,1.0,1.0,681600.0,5.0,0.0,0.0,0.0,0.0,49,1.0,0
709,20,MALE,1733,2,3.0,4.0,3.0,533633.3333333334,3.4,0.0,0.0,666.5,0.0,35,0.0,0
710,32,MALE,1226,3,3.0,5.0,5.0,821016.6666666666,8.0,0.0,0.0,151.4,0.25,45,0.0,0
711,21,MALE,1341,2,0.0,0.0,0.0,0.0,0.0,0.0,0.0,0.0,0.0,69,0.0,0
712,25,MALE,46,2,5.0,1.0,1.0,237500.0,4.666666666666667,1.0,1.0,0.0,0.0,2,1.0,0
713,28,MALE,126,3,5.0,4.0,5.0,702850.0,6.75,2.0,3.0,39.0,0.0,2,0.0,0
714,38,MALE,1115,2,5.0,2.0,4.0,1055500.0,7.5,0.0,1.0,165.0,0.6666666666666666,21,0.0,0
715,40,MALE,1510,1,1.0,1.0,1.0,339900.0,3.0,0.0,0.0,0.0,0.0,52,0.0,1
716,26,FEMALE,905,3,4.0,2.0,2.0,369000.0,4.2,0.0,1.0,407.0,0.14285714285714285,4,0.0,0
717,20,MALE,102,1,5.0,5.0,5.0,851300.0,6.857142857142857,1.0,5.0,17.5,0.3333333333333333,1,4.0,0
718,36,FEMALE,166,1,0.0,0.0,0.0,0.0,0.0,0.0,0.0,0.0,0.0,69,1.0,0
719,26,MALE,334,1,5.0,5.0,5.0,624050.0,4.6,1.0,2.0,49.0,0.5,2,1.0,0
720,21,MALE,1108,2,2.0,2.0,2.0,436650.0,4.666666666666667,0.0,0.0,98.0,0.45454545454545453,258,0.0,1
721,23,FEMALE,281,1,3.0,1.0,1.0,498500.0,4.5,0.0,0.0,0.0,0.0,29,1.0,0
722,33,MALE,1762,2,4.0,2.0,2.0,501150.0,5.4,0.0,0.0,1358.0,0.0,36,0.0,0
723,26,MALE,964,3,2.0,1.0,1.0,161500.0,1.0,0.0,0.0,0.0,1.0,111,0.0,0
724,35,MALE,1496,1,1.0,4.0,3.0,476466.6666666667,5.0,0.0,0.0,144.5,0.6666666666666666,77,0.0,1
725,21,MALE,723,2,5.0,4.0,4.0,413025.0,4.4,1.0,1.0,172.0,0.46153846153846156,1,0.0,0
726,30,MALE,1196,1,3.0,1.0,1.0,389100.0,3.5,0.0,0.0,0.0,0.0,46,0.0,0
727,31,MALE,402,3,5.0,2.0,2.0,545750.0,6.0,1.0,1.0,190.0,0.0,3,0.0,0
728,37,MALE,1687,1,1.0,2.0,4.0,1084750.0,5.75,0.0,0.0,57.0,0.5,32,0.0,1
729,29,MALE,714,1,4.0,5.0,5.0,547800.0,5.666666666666667,0.0,1.0,130.4,0.29411764705882354,16,1.0,0
730,26,MALE,1566,1,1.0,2.0,2.0,501150.0,3.3333333333333335,0.0,0.0,68.0,0.1111111111111111,122,0.0,1
731,31,MALE,1364,3,1.0,4.0,3.0,426466.6666666667,5.5,0.0,0.0,320.5,0.0,223,1.0,1
732,34,MALE,118,1,5.0,4.0,5.0,921600.0,7.5,1.0,4.0,20.333333333333332,0.23529411764705882,18,3.0,0
733,32,MALE,334,2,4.0,5.0,4.0,391760.0,5.166666666666667,0.0,3.0,65.25,0.2608695652173913,99,1.0,0
734,26,MALE,2004,3,1.0,2.0,2.0,348000.0,3.6666666666666665,0.0,0.0,424.0,0.0,23,0.0,1
735,24,MALE,1862,1,4.0,4.0,4.0,541166.6666666666,6.666666666666667,0.0,0.0,77.5,0.55,58,0.0,0
736,39,MALE,1646,2,2.0,4.0,2.0,296000.0,4.333333333333333,0.0,0.0,554.0,0.0,2,0.0,1
737,32,MALE,1329,3,2.0,2.0,1.0,261450.0,2.6666666666666665,0.0,0.0,821.0,0.4,128,0.0,1
738,23,MALE,1194,3,0.0,0.0,0.0,0.0,0.0,0.0,0.0,0.0,0.0,69,0.0,0
739,23,MALE,764,1,3.0,4.0,4.0,550233.3333333334,4.25,0.0,0.0,283.0,0.21428571428571427,70,1.0,0
740,36,MALE,979,3,1.0,1.0,1.0,175600.0,4.5,0.0,0.0,0.0,0.0,356,0.0,1
741,34,MALE,279,2,4.0,1.0,2.0,906700.0,6.0,0.0,0.0,0.0,0.0,13,1.0,0
742,21,MALE,844,3,5.0,5.0,5.0,573342.8571428572,5.6,1.0,1.0,128.33333333333334,0.5121951219512195,19,0.0,0
743,32,MALE,1289,3,3.0,4.0,4.0,443875.0,4.5,0.0,0.0,223.0,0.0,386,0.0,1
744,31,MALE,1923,3,1.0,2.0,4.0,927200.0,7.0,0.0,0.0,283.0,0.6428571428571429,71,0.0,1
745,25,MALE,97,3,5.0,2.0,2.0,421150.0,2.6666666666666665,1.0,2.0,62.0,0.0,0,3.0,0
746,20,MALE,713,2,5.0,2.0,2.0,555850.0,4.666666666666667,1.0,1.0,159.0,0.0,22,2.0,0
747,30,MALE,1770,3,2.0,2.0,3.0,581950.0,4.2,0.0,0.0,644.0,0.5555555555555556,3,0.0,1
748,25,MALE,1016,1,4.0,4.0,5.0,827700.0,6.75,0.0,1.0,464.0,0.0,243,0.0,1
749,38,FEMALE,494,2,2.0,1.0,1.0,577700.0,5.25,0.0,0.0,0.0,1.0,2,0.0,1
750,32,MALE,963,1,3.0,4.0,4.0,730266.6666666666,7.666666666666667,0.0,0.0,167.5,0.6956521739130435,2,0.0,0
751,28,MALE,943,3,4.0,5.0,3.0,282220.0,3.8,0.0,1.0,89.5,0.10526315789473684,363,0.0,1
752,37,FEMALE,918,2,1.0,1.0,2.0,752000.0,7.0,0.0,0.0,0.0,0.0,59,0.0,1
753,36,MALE,1941,1,1.0,4.0,4.0,622833.3333333334,5.666666666666667,0.0,0.0,375.0,0.0,14,0.0,1
754,24,MALE,1165,3,5.0,4.0,3.0,428400.0,4.666666666666667,1.0,1.0,121.5,0.5714285714285714,24,0.0,0
755,28,MALE,239,1,4.0,4.0,2.0,342333.3333333333,2.3333333333333335,0.0,1.0,58.5,0.5714285714285714,1,1.0,0
756,36,MALE,1233,2,3.0,4.0,4.0,673933.3333333334,4.714285714285714,0.0,0.0,181.5,0.0,81,0.0,0
757,36,MALE,1707,2,3.0,4.0,5.0,861500.0,6.0,0.0,0.0,326.3333333333333,0.18181818181818182,8,0.0,0
758,27,MALE,1710,1,1.0,1.0,1.0,567700.0,4.5,0.0,0.0,0.0,1.0,123,0.0,1
759,25,MALE,1741,1,1.0,4.0,3.0,380033.3333333333,6.25,0.0,0.0,265.5,0.5882352941176471,272,0.0,1
760,26,MALE,53,3,5.0,4.0,5.0,612575.0,5.666666666666667,1.0,4.0,9.0,0.18181818181818182,0,0.0,0
761,37,MALE,856,1,3.0,1.0,1.0,251700.0,6.0,0.0,0.0,0.0,1.0,3,0.0,0
762,37,MALE,1200,3,2.0,5.0,5.0,712820.0,4.875,0.0,0.0,129.25,0.6071428571428571,980,0.0,1
763,20,MALE,1118,1,2.0,4.0,2.0,360366.6666666667,4.666666666666667,0.0,0.0,222.0,0.21428571428571427,50,0.0,1
764,32,MALE,1739,1,1.0,4.0,3.0,388766.6666666667,4.25,0.0,0.0,466.5,0.3333333333333333,27,0.0,1
765,38,MALE,149,3,5.0,4.0,2.0,271766.6666666667,2.6666666666666665,0.0,2.0,44.0,0.0,1,0.0,0
766,27,MALE,261,3,4.0,5.0,5.0,595787.5,5.5,0.0,1.0,25.0,0.5,9,1.0,0
767,24,MALE,775,2,3.0,2.0,2.0,467650.0,5.166666666666667,0.0,0.0,228.0,0.6153846153846154,7,0.0,0
768,27,MALE,1008,1,2.0,2.0,2.0,542250.0,5.75,0.0,0.0,84.0,0.0,30,0.0,1
769,35,MALE,1209,3,3.0,5.0,5.0,424257.14285714284,4.555555555555555,0.0,0.0,148.0,0.1935483870967742,47,0.0,0
770,40,MALE,1305,3,1.0,1.0,1.0,557600.0,3.5,0.0,0.0,0.0,0.0,77,0.0,1
771,25,MALE,586,1,5.0,4.0,4.0,546000.0,4.75,1.0,1.0,249.0,0.0,9,2.0,0
772,27,MALE,764,3,4.0,4.0,3.0,344300.0,4.0,0.0,1.0,172.0,0.29411764705882354,8,0.0,0
773,29,MALE,1935,2,1.0,4.0,1.0,202500.0,3.4,0.0,0.0,455.0,0.0,58,0.0,1
774,20,MALE,399,3,2.0,1.0,2.0,833600.0,5.75,0.0,0.0,0.0,1.0,4,1.0,0
775,36,MALE,471,1,2.0,1.0,1.0,231900.0,5.5,0.0,0.0,0.0,1.0,104,0.0,1
776,30,MALE,417,2,3.0,4.0,3.0,497200.0,4.5,0.0,0.0,54.5,0.0,11,1.0,0
777,32,MALE,288,3,4.0,5.0,5.0,628300.0,6.0,0.0,1.0,64.0,0.0,6,1.0,0
778,24,MALE,1749,1,1.0,1.0,1.0,413200.0,5.5,0.0,0.0,0.0,0.0,66,0.0,1
779,25,MALE,109,2,5.0,5.0,5.0,639460.0,5.666666666666667,2.0,4.0,20.25,0.41379310344827586,21,0.0,0
780,35,MALE,225,1,3.0,4.0,3.0,448333.3333333333,3.0,0.0,0.0,31.5,0.18181818181818182,13,0.0,0
781,21,MALE,1636,2,4.0,4.0,3.0,422366.6666666667,4.666666666666667,0.0,1.0,713.0,0.42857142857142855,58,0.0,0
782,29,MALE,203,1,5.0,5.0,5.0,454733.3333333333,3.8333333333333335,1.0,5.0,31.4,0.30434782608695654,2,2.0,0
783,34,MALE,1438,3,3.0,4.0,1.0,205300.0,3.0,0.0,0.0,504.5,0.3333333333333333,14,0.0,0
784,38,MALE,28,2,5.0,1.0,1.0,160300.0,4.75,1.0,1.0,0.0,1.0,0,0.0,0
785,24,MALE,909,1,2.0,4.0,5.0,908000.0,6.2,0.0,0.0,102.0,0.47619047619047616,5,0.0,1
786,32,FEMALE,276,3,5.0,5.0,5.0,592900.0,4.833333333333333,0.0,1.0,42.5,0.19230769230769232,84,1.0,0
787,24,MALE,204,3,3.0,2.0,2.0,398750.0,5.285714285714286,0.0,0.0,18.0,0.0,16,2.0,0
788,30,MALE,763,3,4.0,5.0,4.0,508750.0,3.6666666666666665,0.0,1.0,132.0,0.25,6,1.0,0
789,37,MALE,985,2,4.0,4.0,4.0,550633.3333333334,6.0,0.0,1.0,290.0,0.0,5,2.0,0
790,22,FEMALE,221,1,5.0,5.0,5.0,617687.5,4.909090909090909,2.0,5.0,22.0,0.4523809523809524,10,2.0,0
791,21,MALE,1958,1,2.0,5.0,5.0,438114.28571428574,4.7,0.0,0.0,189.5,0.28,69,0.0,0
792,22,MALE,808,3,5.0,5.0,5.0,460487.5,4.888888888888889,2.0,2.0,110.57142857142857,0.275,39,0.0,0
793,40,MALE,1481,3,2.0,2.0,3.0,648100.0,5.0,0.0,0.0,444.0,0.6666666666666666,34,0.0,0
794,29,MALE,967,1,3.0,4.0,3.0,407033.3333333333,5.0,0.0,0.0,384.0,0.4,27,1.0,0
795,25,MALE,429,3,4.0,1.0,1.0,454900.0,5.5,0.0,1.0,0.0,1.0,2,0.0,0
796,37,MALE,129,1,5.0,2.0,3.0,715550.0,5.0,1.0,2.0,59.0,0.46153846153846156,6,3.0,0
797,32,FEMALE,758,3,5.0,4.0,4.0,648866.6666666666,5.8,1.0,1.0,241.0,0.0,121,0.0,0
798,24,MALE,1163,3,1.0,1.0,1.0,142600.0,4.5,0.0,0.0,0.0,0.0,4,0.0,1
799,20,MALE,1371,3,3.0,5.0,5.0,598850.0,5.8,0.0,0.0,331.6666666666667,0.3333333333333333,88,0.0,0
800,33,FEMALE,166,2,5.0,5.0,5.0,613625.0,6.6,0.0,1.0,36.333333333333336,0.5769230769230769,1,2.0,0
801,30,MALE,632,2,3.0,1.0,1.0,467200.0,6.0,0.0,0.0,0.0,0.0,4,1.0,0
802,21,MALE,367,1,5.0,5.0,5.0,629400.0,5.285714285714286,1.0,2.0,81.0,0.0,5,0.0,0
803,38,MALE,89,2,4.0,2.0,2.0,368900.0,2.6666666666666665,0.0,2.0,20.0,0.6,11,0.0,0
804,38,MALE,756,3,3.0,3.0,2.0,378900.0,4.333333333333333,0.0,0.0,533.0,0.0,63,1.0,0
805,27,MALE,1773,1,3.0,5.0,3.0,249460.0,2.2857142857142856,0.0,0.0,335.0,0.08333333333333333,340,0.0,1
806,20,MALE,567,3,4.0,5.0,5.0,606100.0,5.4,0.0,1.0,45.333333333333336,0.5217391304347826,59,0.0,0
807,29,FEMALE,941,1,2.0,5.0,5.0,648675.0,5.857142857142857,0.0,0.0,155.66666666666666,0.6551724137931034,7,1.0,0
808,40,FEMALE,1333,1,3.0,4.0,3.0,444833.3333333333,3.8333333333333335,0.0,0.0,550.5,0.0,20,0.0,0
809,32,MALE,1449,2,1.0,5.0,5.0,605575.0,7.0,0.0,0.0,118.33333333333333,0.2857142857142857,141,0.0,1
810,24,MALE,884,3,4.0,5.0,2.0,255450.0,2.8,0.0,0.0,194.33333333333334,0.5,127,1.0,0
811,37,FEMALE,2002,3,1.0,4.0,2.0,312666.6666666667,3.0,0.0,0.0,212.5,0.0,14,0.0,1
812,22,MALE,1932,1,4.0,5.0,5.0,563485.7142857143,5.428571428571429,0.0,2.0,226.0,0.34210526315789475,53,0.0,0
813,27,MALE,1576,3,0.0,0.0,0.0,0.0,0.0,0.0,0.0,0.0,0.0,6,0.0,0
814,40,FEMALE,1879,2,2.0,4.0,4.0,554233.3333333334,5.166666666666667,0.0,0.0,580.0,0.13333333333333333,421,0.0,1
815,38,MALE,414,2,2.0,1.0,1.0,552900.0,4.0,0.0,0.0,0.0,1.0,32,0.0,0
816,29,MALE,125,3,5.0,4.0,4.0,628933.3333333334,5.5,1.0,3.0,27.0,0.5714285714285714,5,5.0,0
817,26,MALE,401,3,2.0,1.0,2.0,1013400.0,5.2,0.0,0.0,0.0,0.0,11,2.0,0
818,37,MALE,2025,2,0.0,0.0,0.0,0.0,0.0,0.0,0.0,0.0,0.0,156,1.0,0
819,33,MALE,1566,2,2.0,5.0,3.0,384175.0,4.8,0.0,0.0,288.0,0.15789473684210525,150,0.0,1
820,28,MALE,1167,2,1.0,4.0,2.0,347466.6666666667,3.5,0.0,0.0,105.0,0.25,349,0.0,1
821,39,MALE,404,1,3.0,5.0,5.0,651700.0,5.5,0.0,0.0,65.0,0.22727272727272727,2,1.0,0
822,22,MALE,1585,1,4.0,5.0,5.0,715150.0,4.666666666666667,0.0,0.0,386.0,0.22727272727272727,18,0.0,0
823,20,MALE,188,2,5.0,5.0,5.0,573300.0,4.8,1.0,5.0,12.75,0.625,2,0.0,0
824,33,MALE,702,2,4.0,3.0,2.0,369050.0,5.75,0.0,1.0,203.0,0.7142857142857143,5,0.0,0
825,28,MALE,1289,3,3.0,5.0,5.0,696325.0,7.5,0.0,0.0,236.0,0.5,16,0.0,0
826,22,FEMALE,1700,2,1.0,3.0,2.0,481700.0,6.0,0.0,0.0,56.0,0.6153846153846154,33,1.0,1
827,29,MALE,161,3,4.0,1.0,1.0,511500.0,3.0,0.0,0.0,0.0,0.0,1,0.0,0
828,40,MALE,1838,3,1.0,3.0,2.0,517850.0,4.4,0.0,0.0,884.0,0.0,35,0.0,1
829,20,MALE,656,3,4.0,4.0,2.0,318066.6666666667,3.3333333333333335,0.0,1.0,65.5,0.0,49,1.0,0
830,20,MALE,954,2,3.0,4.0,5.0,777400.0,5.75,0.0,0.0,285.0,0.75,28,0.0,0
831,36,MALE,1007,1,1.0,1.0,1.0,476500.0,5.0,0.0,0.0,0.0,1.0,12,0.0,1
832,22,MALE,1355,2,3.0,4.0,4.0,587600.0,4.5,0.0,0.0,456.0,0.4117647058823529,20,0.0,0
833,27,MALE,171,2,5.0,3.0,3.0,756300.0,5.333333333333333,1.0,2.0,56.0,0.0,1,0.0,0
834,29,MALE,911,3,4.0,3.0,2.0,462550.0,5.0,0.0,1.0,221.0,0.0,12,0.0,0
835,26,MALE,1685,2,1.0,3.0,2.0,450050.0,6.0,0.0,0.0,7.0,0.7,1,0.0,1
836,33,MALE,1005,2,1.0,1.0,1.0,591700.0,8.0,0.0,0.0,0.0,1.0,302,0.0,1
837,20,FEMALE,1202,2,3.0,3.0,3.0,784900.0,8.0,0.0,0.0,227.0,0.0,15,0.0,0
838,24,MALE,1410,2,0.0,0.0,0.0,0.0,0.0,0.0,0.0,0.0,0.0,306,0.0,1
839,24,MALE,823,2,2.0,4.0,1.0,209400.0,2.6666666666666665,0.0,0.0,199.0,0.625,23,0.0,1
840,37,MALE,1063,2,1.0,1.0,1.0,173200.0,1.0,0.0,0.0,0.0,1.0,71,0.0,1
841,28,MALE,974,1,2.0,4.0,3.0,460433.3333333333,5.666666666666667,0.0,0.0,225.0,0.35294117647058826,72,0.0,1
842,28,MALE,1722,2,1.0,3.0,3.0,672500.0,6.333333333333333,0.0,0.0,503.0,0.0,42,0.0,1
843,21,MALE,1835,2,1.0,4.0,3.0,440033.3333333333,3.25,0.0,0.0,56.5,0.45454545454545453,697,0.0,1
844,38,FEMALE,1591,2,1.0,3.0,3.0,769300.0,6.8,0.0,0.0,8.0,0.0,148,0.0,1
845,36,MALE,1416,3,2.0,4.0,3.0,492133.3333333333,4.0,0.0,0.0,310.5,0.6470588235294118,1,0.0,0
846,22,MALE,729,1,2.0,4.0,5.0,820300.0,6.857142857142857,0.0,0.0,76.0,0.0,66,1.0,1
847,27,MALE,1646,2,0.0,0.0,0.0,0.0,0.0,0.0,0.0,0.0,0.0,0,0.0,0
848,24,FEMALE,1865,1,3.0,4.0,3.0,396766.6666666667,5.666666666666667,0.0,0.0,245.0,0.0,38,1.0,0
849,35,MALE,1299,1,3.0,4.0,4.0,658066.6666666666,5.4,0.0,0.0,407.0,0.0,2,0.0,0
850,30,MALE,977,2,3.0,5.0,4.0,483925.0,4.0,0.0,0.0,80.33333333333333,0.8125,8,0.0,0
851,30,MALE,631,2,1.0,3.0,4.0,1026150.0,8.5,0.0,0.0,57.0,1.0,5,1.0,1
852,38,MALE,689,3,4.0,5.0,3.0,390750.0,4.4,0.0,1.0,115.66666666666667,0.25,25,0.0,0
853,28,MALE,49,1,5.0,5.0,5.0,422250.0,5.0,4.0,6.0,6.6,0.5357142857142857,1,5.0,0
854,33,MALE,1657,3,4.0,4.0,5.0,814800.0,6.75,0.0,1.0,716.0,0.6363636363636364,295,0.0,1
855,28,MALE,799,2,4.0,5.0,4.0,503350.0,5.4,0.0,2.0,83.33333333333333,0.42105263157894735,59,0.0,0
856,24,MALE,918,3,2.0,4.0,4.0,653666.6666666666,4.571428571428571,0.0,0.0,189.5,0.0,21,0.0,0
857,29,MALE,354,3,0.0,0.0,0.0,0.0,0.0,0.0,0.0,0.0,0.0,1,1.0,0
858,40,MALE,2005,2,1.0,5.0,5.0,719400.0,5.2,0.0,0.0,395.0,0.17391304347826086,13,0.0,1
859,37,MALE,1001,3,4.0,5.0,5.0,579075.0,4.2,0.0,1.0,287.0,0.4,13,0.0,0
860,21,MALE,1621,3,3.0,1.0,2.0,774200.0,8.0,0.0,0.0,0.0,0.0,60,1.0,0
861,39,MALE,910,2,4.0,5.0,5.0,687775.0,6.25,0.0,1.0,238.0,0.32,6,1.0,0
862,28,MALE,203,2,4.0,1.0,1.0,582400.0,5.0,0.0,1.0,0.0,1.0,2,0.0,0
863,30,MALE,273,3,3.0,3.0,3.0,800150.0,5.4,0.0,0.0,44.0,1.0,12,0.0,0
864,23,MALE,1613,3,1.0,1.0,1.0,475500.0,5.0,0.0,0.0,0.0,0.0,1129,0.0,1
865,30,MALE,1425,3,5.0,5.0,3.0,349650.0,4.6,1.0,1.0,291.3333333333333,0.0,10,0.0,0
866,22,MALE,853,1,3.0,4.0,4.0,723400.0,6.333333333333333,0.0,0.0,230.0,0.0,5,0.0,0
867,35,MALE,501,3,5.0,5.0,4.0,371000.0,4.285714285714286,1.0,1.0,88.8,0.20833333333333334,4,0.0,0
868,31,MALE,1867,2,1.0,3.0,1.0,218350.0,2.0,0.0,0.0,600.0,0.25,14,0.0,1
869,38,MALE,838,1,2.0,5.0,4.0,572125.0,6.25,0.0,0.0,159.66666666666666,0.0,17,0.0,0
870,28,FEMALE,1124,2,5.0,5.0,4.0,554550.0,4.714285714285714,0.0,1.0,338.3333333333333,0.55,25,0.0,0
871,34,MALE,103,3,5.0,5.0,5.0,589266.6666666666,4.75,2.0,5.0,15.0,0.3,0,2.0,0
872,36,MALE,1417,2,2.0,3.0,3.0,606550.0,3.6666666666666665,0.0,0.0,68.0,0.0,79,0.0,0
873,29,MALE,698,2,1.0,1.0,2.0,920100.0,4.0,0.0,0.0,0.0,1.0,0,2.0,1
874,22,MALE,939,3,0.0,0.0,0.0,0.0,0.0,0.0,0.0,0.0,0.0,50,0.0,0
875,32,MALE,716,3,3.0,5.0,3.0,387875.0,3.8,0.0,0.0,129.66666666666666,0.21428571428571427,13,1.0,0
876,24,MALE,1991,2,1.0,3.0,1.0,238900.0,4.0,0.0,0.0,830.0,0.5,6,0.0,1
877,23,MALE,1572,2,1.0,3.0,3.0,626800.0,6.0,0.0,0.0,416.0,0.0,36,0.0,1
878,35,MALE,670,2,4.0,3.0,1.0,136200.0,2.0,0.0,0.0,122.0,0.0,257,1.0,1
879,21,MALE,945,3,4.0,5.0,4.0,425080.0,5.666666666666667,0.0,0.0,191.75,0.16,51,0.0,0
880,38,MALE,676,1,2.0,3.0,3.0,785400.0,5.333333333333333,0.0,0.0,63.0,0.6153846153846154,104,0.0,1
881,40,MALE,1379,1,4.0,5.0,4.0,432000.0,3.8333333333333335,0.0,0.0,365.0,0.1875,84,0.0,0
882,28,MALE,1736,3,4.0,4.0,3.0,410100.0,4.4,0.0,1.0,499.0,0.8333333333333334,37,0.0,0
883,22,MALE,1551,2,3.0,4.0,3.0,522400.0,4.0,0.0,0.0,595.0,0.0,5,1.0,0
884,21,MALE,993,1,2.0,1.0,2.0,788100.0,5.5,0.0,0.0,0.0,0.0,45,0.0,0
885,22,MALE,1857,1,1.0,3.0,3.0,610550.0,7.333333333333333,0.0,0.0,252.0,0.0,13,0.0,1
886,36,MALE,152,3,5.0,5.0,5.0,732700.0,5.75,1.0,2.0,38.333333333333336,0.4782608695652174,3,0.0,0
887,37,MALE,10,2,5.0,1.0,1.0,412200.0,3.0,1.0,1.0,0.0,1.0,0,4.0,0
888,28,MALE,1946,3,1.0,4.0,1.0,160633.33333333334,1.6666666666666667,0.0,0.0,409.5,0.4,163,1.0,1
889,20,MALE,1908,3,2.0,4.0,2.0,313533.3333333333,5.0,0.0,0.0,674.0,0.46153846153846156,86,0.0,0
890,28,MALE,699,3,2.0,1.0,2.0,944700.0,9.0,0.0,0.0,0.0,1.0,1,0.0,1
891,37,MALE,1124,3,2.0,4.0,3.0,502166.6666666667,4.166666666666667,0.0,0.0,396.0,0.6153846153846154,70,0.0,0
892,25,MALE,143,2,5.0,3.0,1.0,258550.0,2.3333333333333335,2.0,2.0,8.0,1.0,75,2.0,0
893,39,MALE,991,1,1.0,3.0,1.0,271700.0,4.4,0.0,0.0,26.0,0.0,47,0.0,1
894,31,MALE,2012,3,1.0,4.0,1.0,192966.66666666666,2.8333333333333335,0.0,0.0,220.5,0.0,63,0.0,1
895,39,MALE,393,2,4.0,5.0,5.0,624183.3333333334,6.0,0.0,1.0,61.8,0.2777777777777778,7,1.0,0
896,37,MALE,1154,1,2.0,3.0,3.0,627250.0,5.0,0.0,0.0,460.0,0.0,2,0.0,1
897,20,MALE,1820,2,3.0,5.0,5.0,727720.0,7.2,0.0,0.0,401.5,0.5555555555555556,112,0.0,0
898,35,MALE,1094,1,3.0,5.0,3.0,387800.0,4.5,0.0,0.0,289.3333333333333,0.3333333333333333,80,0.0,0
899,25,MALE,86,3,5.0,4.0,4.0,729433.3333333334,6.25,0.0,3.0,10.5,0.34782608695652173,1,3.0,0
900,23,MALE,580,3,5.0,4.0,2.0,309000.0,5.25,1.0,1.0,270.0,0.45454545454545453,84,0.0,0
901,36,MALE,1889,2,2.0,4.0,3.0,373400.0,3.0,0.0,0.0,781.0,0.1111111111111111,22,0.0,0
902,33,MALE,576,3,3.0,5.0,4.0,540400.0,5.0,0.0,0.0,99.66666666666667,0.2608695652173913,2,0.0,0
903,29,MALE,1930,1,3.0,5.0,5.0,591060.0,4.6,0.0,0.0,340.75,0.0,135,0.0,0
904,21,MALE,1886,3,4.0,5.0,5.0,686460.0,4.666666666666667,0.0,1.0,315.75,0.6923076923076923,398,0.0,1
905,32,MALE,1790,2,2.0,5.0,5.0,566316.6666666666,6.0,0.0,0.0,284.0,0.34285714285714286,7,0.0,0
906,26,MALE,1273,2,4.0,3.0,2.0,412150.0,4.75,0.0,1.0,456.0,0.0,10,0.0,0
907,32,MALE,1264,1,1.0,4.0,3.0,529366.6666666666,6.333333333333333,0.0,0.0,225.0,0.5625,38,0.0,1
908,35,MALE,1229,1,1.0,5.0,5.0,679225.0,5.25,0.0,0.0,144.66666666666666,0.19047619047619047,30,0.0,1
909,21,MALE,1240,3,1.0,3.0,3.0,637500.0,8.0,0.0,0.0,324.0,0.0,24,0.0,1
910,24,MALE,462,2,5.0,1.0,1.0,307600.0,3.0,1.0,1.0,0.0,0.0,2,0.0,0
911,20,MALE,826,1,3.0,3.0,2.0,366150.0,6.25,0.0,0.0,379.0,0.5454545454545454,3,0.0,0
912,37,MALE,1407,3,4.0,3.0,1.0,272850.0,2.8,0.0,1.0,102.0,0.0,248,0.0,1
913,30,MALE,1659,1,5.0,3.0,3.0,697300.0,6.0,1.0,1.0,851.0,0.0,293,0.0,1
914,25,MALE,1472,3,1.0,1.0,1.0,351200.0,4.333333333333333,0.0,0.0,0.0,0.0,15,0.0,1
915,20,MALE,596,2,3.0,4.0,5.0,855466.6666666666,5.5,0.0,0.0,150.5,0.0,8,1.0,0
916,24,MALE,753,3,4.0,5.0,3.0,377125.0,4.5,0.0,1.0,191.33333333333334,0.15384615384615385,10,0.0,0
917,22,MALE,1006,2,4.0,4.0,2.0,367133.3333333333,3.3333333333333335,0.0,1.0,396.0,0.3,16,0.0,0
918,31,FEMALE,1681,2,4.0,1.0,1.0,675800.0,5.0,0.0,1.0,0.0,0.0,8,0.0,0
919,25,MALE,1366,1,1.0,1.0,1.0,176800.0,4.0,0.0,0.0,0.0,0.0,98,0.0,1
920,32,MALE,23,3,5.0,4.0,4.0,636133.3333333334,6.2,3.0,3.0,3.0,0.0,0,13.0,0
921,25,MALE,1102,3,1.0,3.0,3.0,588450.0,5.0,0.0,0.0,75.0,0.2857142857142857,59,0.0,1
922,31,MALE,788,1,3.0,4.0,3.0,518033.3333333333,4.6,0.0,0.0,295.0,0.0,13,0.0,0
923,25,MALE,457,2,5.0,1.0,2.0,699500.0,6.0,1.0,1.0,0.0,1.0,21,0.0,0
924,38,MALE,1563,2,1.0,5.0,4.0,449700.0,5.166666666666667,0.0,0.0,182.25,0.68,141,0.0,1
925,29,MALE,949,1,2.0,5.0,5.0,612200.0,7.125,0.0,0.0,86.4,0.4791666666666667,32,1.0,1
926,31,MALE,811,1,4.0,5.0,5.0,791800.0,6.8,0.0,1.0,213.33333333333334,0.14285714285714285,1,0.0,0
927,25,MALE,78,1,5.0,1.0,2.0,769300.0,7.0,0.0,1.0,0.0,1.0,6,1.0,0
928,38,MALE,1462,3,1.0,5.0,4.0,529700.0,5.333333333333333,0.0,0.0,185.33333333333334,0.05555555555555555,87,0.0,1
929,22,MALE,1791,3,1.0,3.0,1.0,140050.0,3.3333333333333335,0.0,0.0,246.0,0.6666666666666666,6,0.0,1
930,40,MALE,386,3,3.0,3.0,4.0,839600.0,5.25,0.0,0.0,21.0,0.5384615384615384,2,0.0,0
931,39,MALE,117,1,5.0,1.0,1.0,180800.0,3.0,1.0,1.0,0.0,1.0,1,2.0,0
932,33,MALE,1461,2,3.0,3.0,2.0,484050.0,5.5,0.0,0.0,1129.0,0.0,9,0.0,0
933,20,FEMALE,633,3,2.0,1.0,1.0,267300.0,2.5,0.0,0.0,0.0,1.0,110,0.0,0
934,29,MALE,899,2,4.0,5.0,5.0,813250.0,6.0,0.0,1.0,222.0,0.5714285714285714,71,0.0,0
935,31,MALE,60,2,5.0,1.0,1.0,87900.0,5.5,1.0,1.0,0.0,1.0,4,6.0,0
936,37,MALE,1003,2,4.0,5.0,5.0,689225.0,5.75,0.0,1.0,286.3333333333333,0.17391304347826086,74,0.0,0
937,34,MALE,1248,3,2.0,3.0,3.0,566150.0,6.0,0.0,0.0,522.0,0.4166666666666667,29,0.0,1
938,24,FEMALE,1405,3,4.0,3.0,2.0,384700.0,4.5,0.0,1.0,767.0,0.0,31,0.0,0
939,38,MALE,1885,3,4.0,3.0,3.0,627900.0,6.75,0.0,0.0,797.0,0.375,119,0.0,0
940,40,MALE,1339,1,3.0,1.0,2.0,796600.0,5.5,0.0,0.0,0.0,0.0,58,2.0,0
941,30,MALE,161,2,5.0,5.0,5.0,612800.0,6.5,1.0,3.0,20.6,0.625,0,2.0,0
942,31,MALE,894,3,5.0,5.0,5.0,687420.0,4.5,1.0,3.0,101.5,0.0,2,0.0,0
943,33,MALE,1041,3,4.0,5.0,4.0,446800.0,3.6,0.0,0.0,183.5,0.2777777777777778,15,0.0,0
944,39,MALE,1401,1,4.0,5.0,5.0,576080.0,3.8333333333333335,0.0,0.0,294.75,0.2857142857142857,198,1.0,1
945,39,MALE,1256,3,2.0,3.0,1.0,272300.0,4.5,0.0,0.0,858.0,0.0,19,0.0,0
946,22,MALE,1036,1,3.0,4.0,4.0,673766.6666666666,4.8,0.0,0.0,271.5,0.21052631578947367,9,0.0,0
947,22,MALE,144,3,5.0,5.0,3.0,306025.0,4.142857142857143,1.0,3.0,40.333333333333336,0.0,1,0.0,0
948,28,FEMALE,89,2,4.0,1.0,1.0,400000.0,5.666666666666667,0.0,1.0,0.0,0.0,4,2.0,0
949,28,MALE,104,2,5.0,4.0,4.0,632533.3333333334,4.666666666666667,1.0,1.0,51.5,0.0,7,1.0,0
950,35,MALE,352,2,3.0,3.0,4.0,1068300.0,5.5,0.0,0.0,7.0,0.4,4,0.0,0
951,36,MALE,392,1,5.0,4.0,4.0,585633.3333333334,6.25,1.0,2.0,170.0,0.5,16,0.0,0
952,30,MALE,1150,1,4.0,5.0,4.0,343040.0,4.714285714285714,0.0,1.0,119.5,0.3,28,0.0,0
953,22,MALE,503,1,3.0,4.0,4.0,660833.3333333334,5.333333333333333,0.0,0.0,152.5,0.0625,2,0.0,0
954,31,FEMALE,330,3,3.0,3.0,2.0,394350.0,5.0,0.0,0.0,138.0,0.0,20,2.0,0
955,34,MALE,1057,1,2.0,1.0,2.0,726600.0,6.0,0.0,0.0,0.0,1.0,23,1.0,1
956,28,MALE,29,3,5.0,5.0,4.0,427460.0,4.777777777777778,5.0,5.0,2.25,0.25,2,6.0,0
957,22,MALE,1813,3,2.0,3.0,4.0,835700.0,6.5,0.0,0.0,1205.0,0.46153846153846156,13,0.0,1
958,20,MALE,1917,2,5.0,5.0,5.0,637175.0,5.166666666666667,1.0,1.0,552.0,0.35,866,0.0,1
959,31,MALE,1651,1,3.0,5.0,5.0,592133.3333333334,4.111111111111111,0.0,0.0,250.6,0.5333333333333333,27,0.0,0
960,24,MALE,1498,2,2.0,4.0,2.0,291533.3333333333,3.0,0.0,0.0,478.0,0.0,67,0.0,0
961,21,MALE,435,3,5.0,4.0,4.0,644866.6666666666,4.333333333333333,0.0,1.0,134.0,0.0,35,0.0,0
962,28,MALE,1963,3,2.0,3.0,3.0,749600.0,8.0,0.0,0.0,1412.0,0.25,49,0.0,1
963,32,MALE,525,3,2.0,1.0,2.0,869800.0,4.0,0.0,0.0,0.0,0.0,5,1.0,0
964,22,MALE,331,3,3.0,1.0,2.0,746800.0,8.0,0.0,0.0,0.0,1.0,13,1.0,0
965,38,MALE,592,2,4.0,4.0,3.0,513900.0,4.666666666666667,0.0,1.0,259.5,0.07142857142857142,26,0.0,0
966,23,MALE,2028,1,5.0,4.0,4.0,574166.6666666666,4.666666666666667,1.0,1.0,388.5,0.0,66,0.0,0
967,22,MALE,1572,2,1.0,4.0,3.0,392900.0,4.75,0.0,0.0,420.5,0.5833333333333334,108,0.0,1
968,24,MALE,1029,2,1.0,1.0,1.0,189800.0,2.0,0.0,0.0,0.0,0.0,1,0.0,1
969,32,MALE,2017,2,2.0,5.0,5.0,690320.0,6.166666666666667,0.0,0.0,377.25,0.5428571428571428,6,0.0,1
970,30,MALE,546,1,3.0,1.0,1.0,373000.0,8.0,0.0,0.0,0.0,1.0,4,0.0,0
971,24,MALE,326,2,3.0,1.0,1.0,473600.0,3.2,0.0,0.0,0.0,1.0,5,1.0,0
972,26,FEMALE,862,3,0.0,0.0,0.0,0.0,0.0,0.0,0.0,0.0,0.0,41,0.0,0
973,22,MALE,907,2,3.0,5.0,4.0,425550.0,4.75,0.0,0.0,191.33333333333334,0.15789473684210525,5,0.0,0
974,26,MALE,860,1,2.0,5.0,2.0,179825.0,3.0,0.0,0.0,156.66666666666666,0.6363636363636364,3,0.0,1
975,30,MALE,407,1,2.0,5.0,3.0,387075.0,5.625,0.0,0.0,24.666666666666668,0.11764705882352941,4,2.0,0
976,29,MALE,758,2,2.0,3.0,1.0,57150.0,5.6,0.0,0.0,458.0,0.0,4,0.0,0
977,33,MALE,1464,3,1.0,3.0,3.0,746550.0,4.333333333333333,0.0,0.0,195.0,0.2727272727272727,31,0.0,1
978,34,MALE,1653,2,1.0,4.0,4.0,635500.0,4.0,0.0,0.0,308.5,0.0,10,0.0,1
979,39,MALE,777,3,4.0,5.0,4.0,359700.0,3.7142857142857144,0.0,1.0,130.0,0.5,1,0.0,0
980,20,MALE,527,1,4.0,5.0,5.0,621100.0,5.0,0.0,1.0,102.0,0.52,0,0.0,0
981,28,MALE,1900,3,2.0,3.0,2.0,437600.0,4.666666666666667,0.0,0.0,1261.0,0.3333333333333333,23,0.0,1
982,22,MALE,1196,2,3.0,4.0,4.0,570833.3333333334,7.5,0.0,0.0,425.5,0.45,9,0.0,0
983,39,MALE,244,1,5.0,5.0,5.0,649550.0,6.5,1.0,1.0,50.333333333333336,0.3076923076923077,31,1.0,0
984,29,MALE,1716,2,2.0,1.0,1.0,63000.0,3.0,0.0,0.0,0.0,0.0,232,1.0,1
985,29,MALE,548,1,5.0,5.0,5.0,463257.14285714284,4.875,0.0,1.0,62.5,0.18181818181818182,7,0.0,0
986,29,MALE,443,3,3.0,1.0,1.0,421700.0,4.5,0.0,0.0,0.0,0.0,6,3.0,0
987,36,MALE,1906,3,4.0,4.0,3.0,423400.0,6.0,0.0,1.0,678.0,0.0,12,0.0,0
988,28,MALE,1339,1,1.0,1.0,1.0,682400.0,3.5,0.0,0.0,0.0,0.0,138,0.0,1
989,23,MALE,1832,1,1.0,1.0,2.0,835000.0,7.5,0.0,0.0,0.0,1.0,10,1.0,1
990,35,MALE,1621,1,4.0,3.0,1.0,343300.0,5.666666666666667,0.0,1.0,537.0,0.0,5,0.0,0
991,37,MALE,1804,1,3.0,3.0,3.0,636450.0,7.2,0.0,0.0,705.0,0.0,48,0.0,0
992,26,MALE,417,3,5.0,5.0,5.0,572800.0,5.666666666666667,1.0,1.0,128.66666666666666,0.38461538461538464,25,1.0,0
993,23,MALE,1020,1,1.0,1.0,1.0,105600.0,4.0,0.0,0.0,0.0,0.0,0,0.0,1
994,27,MALE,1433,1,1.0,5.0,3.0,386975.0,3.6666666666666665,0.0,0.0,201.33333333333334,0.23076923076923078,34,0.0,1
995,36,MALE,1475,2,2.0,4.0,3.0,464700.0,5.2,0.0,0.0,508.5,0.0,10,0.0,0
996,31,MALE,217,2,5.0,4.0,3.0,512500.0,5.2,1.0,2.0,48.5,0.2631578947368421,0,1.0,0
997,40,FEMALE,1526,3,1.0,3.0,3.0,695900.0,5.0,0.0,0.0,103.0,0.4444444444444444,13,0.0,1
998,39,MALE,20,2,5.0,1.0,1.0,596000.0,5.0,1.0,1.0,0.0,0.0,0,7.0,0
999,27,FEMALE,681,1,3.0,1.0,1.0,319800.0,5.0,0.0,0.0,0.0,1.0,41,0.0,0
1000,31,MALE,841,2,4.0,5.0,5.0,414883.3333333333,4.142857142857143,0.0,1.0,135.8,0.6818181818181818,55,0.0,0
