order_item_id,order_id,product_id,quantity,price_per_item
1,1,53,1,160000.0
2,1,50,2,96400.0
3,1,89,2,70300.0
4,2,43,2,178000.0
5,2,54,2,36400.0
6,3,59,1,176600.0
7,3,92,1,173200.0
8,4,99,1,192100.0
9,5,89,2,70300.0
10,6,99,1,192100.0
11,6,61,1,185800.0
12,6,29,1,193100.0
13,7,93,2,184600.0
14,7,69,1,160800.0
15,7,38,2,107900.0
16,8,77,2,48200.0
17,8,26,2,75700.0
18,8,94,1,60300.0
19,9,43,2,178000.0
20,9,84,1,119500.0
21,10,64,2,46700.0
22,10,22,1,86300.0
23,10,33,2,182400.0
24,11,55,1,160300.0
25,12,80,1,96600.0
26,12,60,2,103200.0
27,12,52,2,22300.0
28,13,55,1,160300.0
29,14,55,2,160300.0
30,14,98,2,169400.0
31,15,45,2,44800.0
32,16,33,1,182400.0
33,17,90,1,123800.0
34,18,79,1,178900.0
35,18,96,2,155500.0
36,19,36,2,186300.0
37,19,22,1,86300.0
38,20,91,2,64800.0
39,20,63,1,75300.0
40,21,72,1,154700.0
41,21,89,2,70300.0
42,21,98,2,169400.0
43,22,20,1,102900.0
44,22,43,1,178000.0
45,23,1,1,48200.0
46,23,14,2,35900.0
47,24,74,1,93000.0
48,25,57,1,154200.0
49,26,76,1,96900.0
50,27,29,1,193100.0
51,27,67,1,110300.0
52,28,55,1,160300.0
53,28,54,2,36400.0
54,29,94,2,60300.0
55,29,39,1,25100.0
56,30,86,2,76700.0
57,31,19,2,36000.0
58,31,31,1,105100.0
59,32,18,1,132600.0
60,32,70,2,93600.0
61,32,81,2,39100.0
62,33,76,1,96900.0
63,33,13,1,127600.0
64,33,74,1,93000.0
65,34,35,2,115900.0
66,34,13,2,127600.0
67,34,95,1,147000.0
68,35,82,2,174600.0
69,35,31,1,105100.0
70,36,63,2,75300.0
71,37,89,1,70300.0
72,37,48,2,190000.0
73,37,50,1,96400.0
74,38,78,1,65600.0
75,38,52,2,22300.0
76,38,48,1,190000.0
77,39,89,2,70300.0
78,39,36,1,186300.0
79,39,82,2,174600.0
80,40,74,1,93000.0
81,40,31,1,105100.0
82,40,16,2,124200.0
83,41,27,1,101200.0
84,41,61,2,185800.0
85,42,30,2,174800.0
86,42,98,2,169400.0
87,42,93,2,184600.0
88,43,78,2,65600.0
89,44,74,1,93000.0
90,44,83,1,134100.0
91,44,8,1,158400.0
92,45,81,2,39100.0
93,45,49,2,134600.0
94,46,67,2,110300.0
95,46,60,2,103200.0
96,47,50,2,96400.0
97,47,46,2,61700.0
98,48,83,2,134100.0
99,48,46,2,61700.0
100,48,68,1,187200.0
101,49,23,1,198400.0
102,49,71,2,183400.0
103,49,47,1,198600.0
104,50,2,1,132400.0
105,51,10,2,62800.0
106,52,30,1,174800.0
107,52,62,1,86500.0
108,52,70,2,93600.0
109,53,11,2,59100.0
110,53,81,2,39100.0
111,54,88,2,26200.0
112,54,2,1,132400.0
113,54,19,1,36000.0
114,55,82,2,174600.0
115,55,15,2,110500.0
116,56,16,2,124200.0
117,56,31,2,105100.0
118,57,28,1,39700.0
119,58,90,1,123800.0
120,58,53,2,160000.0
121,58,71,2,183400.0
122,59,88,2,26200.0
123,60,66,1,80000.0
124,60,42,1,120700.0
125,61,80,2,96600.0
126,61,83,2,134100.0
127,61,63,1,75300.0
128,62,48,1,190000.0
129,62,40,2,69000.0
130,62,49,2,134600.0
131,63,73,2,64500.0
132,63,21,2,149700.0
133,64,74,1,93000.0
134,64,60,1,103200.0
135,65,78,2,65600.0
136,65,81,2,39100.0
137,65,97,2,105600.0
138,66,53,1,160000.0
139,66,84,1,119500.0
140,67,25,1,89600.0
141,67,88,1,26200.0
142,68,35,1,115900.0
143,69,68,1,187200.0
144,69,48,1,190000.0
145,69,95,1,147000.0
146,70,48,1,190000.0
147,70,72,1,154700.0
148,71,63,1,75300.0
149,71,57,1,154200.0
150,71,25,1,89600.0
151,72,88,1,26200.0
152,72,90,1,123800.0
153,73,29,1,193100.0
154,73,38,2,107900.0
155,73,83,2,134100.0
156,74,56,2,131400.0
157,74,66,1,80000.0
158,74,96,2,155500.0
159,75,41,2,148100.0
160,75,58,1,186500.0
161,75,2,1,132400.0
162,76,59,2,176600.0
163,76,68,2,187200.0
164,77,83,1,134100.0
165,78,59,1,176600.0
166,78,88,1,26200.0
167,79,86,1,76700.0
168,79,1,2,48200.0
169,79,59,1,176600.0
170,80,17,2,160100.0
171,81,18,2,132600.0
172,81,84,1,119500.0
173,82,58,2,186500.0
174,83,49,2,134600.0
175,84,28,2,39700.0
176,84,52,1,22300.0
177,85,24,1,51200.0
178,86,49,1,134600.0
179,87,35,2,115900.0
180,87,93,1,184600.0
181,88,22,1,86300.0
182,88,100,2,111500.0
183,89,20,1,102900.0
184,90,12,2,56800.0
185,90,10,2,62800.0
186,90,88,2,26200.0
187,91,30,2,174800.0
188,91,37,1,117600.0
189,91,63,2,75300.0
190,92,75,2,198800.0
191,92,97,2,105600.0
192,93,88,1,26200.0
193,93,72,2,154700.0
194,93,97,2,105600.0
195,94,15,1,110500.0
196,94,37,2,117600.0
197,95,55,2,160300.0
198,95,44,2,147100.0
199,95,51,1,146800.0
200,96,33,1,182400.0
201,97,25,1,89600.0
202,98,1,1,48200.0
203,99,86,1,76700.0
204,99,30,2,174800.0
205,99,85,1,117900.0
206,100,20,2,102900.0
207,100,46,2,61700.0
208,101,36,1,186300.0
209,101,1,2,48200.0
210,102,67,2,110300.0
211,102,5,1,45600.0
212,103,2,2,132400.0
213,103,53,1,160000.0
214,103,71,2,183400.0
215,104,3,2,166100.0
216,104,57,2,154200.0
217,104,51,2,146800.0
218,105,48,2,190000.0
219,105,16,1,124200.0
220,106,94,1,60300.0
221,107,95,2,147000.0
222,108,46,2,61700.0
223,108,66,2,80000.0
224,108,34,1,23800.0
225,109,94,2,60300.0
226,109,51,1,146800.0
227,109,1,2,48200.0
228,110,97,2,105600.0
229,110,87,2,174100.0
230,111,17,2,160100.0
231,112,53,1,160000.0
232,112,24,1,51200.0
233,112,63,2,75300.0
234,113,65,2,163800.0
235,113,8,1,158400.0
236,113,11,1,59100.0
237,114,65,2,163800.0
238,115,17,2,160100.0
239,115,5,1,45600.0
240,115,97,2,105600.0
241,116,88,1,26200.0
242,116,19,1,36000.0
243,116,68,1,187200.0
244,117,15,2,110500.0
245,117,93,1,184600.0
246,117,95,2,147000.0
247,118,35,1,115900.0
248,118,39,1,25100.0
249,119,27,1,101200.0
250,120,28,2,39700.0
251,121,91,2,64800.0
252,121,94,2,60300.0
253,122,64,2,46700.0
254,123,84,1,119500.0
255,123,76,2,96900.0
256,124,5,1,45600.0
257,124,23,2,198400.0
258,125,28,1,39700.0
259,125,7,2,123800.0
260,126,2,2,132400.0
261,126,73,2,64500.0
262,126,95,2,147000.0
263,127,62,2,86500.0
264,127,37,2,117600.0
265,128,78,2,65600.0
266,128,6,1,92900.0
267,129,83,2,134100.0
268,129,68,2,187200.0
269,130,33,1,182400.0
270,130,85,1,117900.0
271,130,44,1,147100.0
272,131,61,2,185800.0
273,132,5,2,45600.0
274,132,98,2,169400.0
275,133,86,1,76700.0
276,134,56,1,131400.0
277,134,54,2,36400.0
278,134,57,1,154200.0
279,135,31,1,105100.0
280,135,72,2,154700.0
281,136,46,2,61700.0
282,136,74,1,93000.0
283,137,29,1,193100.0
284,137,99,2,192100.0
285,137,90,1,123800.0
286,138,21,2,149700.0
287,138,73,2,64500.0
288,139,42,2,120700.0
289,139,67,2,110300.0
290,140,42,1,120700.0
291,141,57,2,154200.0
292,141,55,1,160300.0
293,141,100,1,111500.0
294,142,69,2,160800.0
295,142,37,1,117600.0
296,142,86,1,76700.0
297,143,25,2,89600.0
298,143,90,2,123800.0
299,144,74,1,93000.0
300,144,31,1,105100.0
301,145,50,2,96400.0
302,145,58,2,186500.0
303,146,65,1,163800.0
304,146,2,2,132400.0
305,146,60,2,103200.0
306,147,99,2,192100.0
307,147,34,1,23800.0
308,147,19,2,36000.0
309,148,24,2,51200.0
310,148,82,1,174600.0
311,149,6,2,92900.0
312,149,69,2,160800.0
313,150,29,2,193100.0
314,150,2,1,132400.0
315,151,74,1,93000.0
316,152,97,1,105600.0
317,152,31,1,105100.0
318,152,18,2,132600.0
319,153,8,1,158400.0
320,153,51,1,146800.0
321,153,56,1,131400.0
322,154,54,2,36400.0
323,154,65,2,163800.0
324,154,5,2,45600.0
325,155,33,2,182400.0
326,155,23,1,198400.0
327,155,95,1,147000.0
328,156,26,2,75700.0
329,157,47,1,198600.0
330,158,58,1,186500.0
331,158,71,1,183400.0
332,159,35,2,115900.0
333,159,91,1,64800.0
334,160,64,1,46700.0
335,161,60,2,103200.0
336,161,56,2,131400.0
337,161,48,2,190000.0
338,162,2,1,132400.0
339,162,74,2,93000.0
340,162,2,2,132400.0
341,163,90,1,123800.0
342,164,57,1,154200.0
343,164,31,1,105100.0
344,164,87,2,174100.0
345,165,21,2,149700.0
346,165,30,2,174800.0
347,165,47,2,198600.0
348,166,58,1,186500.0
349,166,17,2,160100.0
350,166,26,2,75700.0
351,167,33,2,182400.0
352,168,58,2,186500.0
353,169,90,1,123800.0
354,170,80,1,96600.0
355,170,49,2,134600.0
356,171,30,1,174800.0
357,171,20,1,102900.0
358,172,15,2,110500.0
359,172,92,1,173200.0
360,173,92,1,173200.0
361,173,19,1,36000.0
362,174,9,2,179300.0
363,174,48,2,190000.0
364,174,17,1,160100.0
365,175,29,1,193100.0
366,175,18,1,132600.0
367,175,47,2,198600.0
368,176,99,1,192100.0
369,176,79,2,178900.0
370,176,75,1,198800.0
371,177,9,2,179300.0
372,177,94,2,60300.0
373,178,62,1,86500.0
374,178,87,1,174100.0
375,179,67,1,110300.0
376,179,35,1,115900.0
377,179,7,1,123800.0
378,180,13,1,127600.0
379,181,42,1,120700.0
380,182,58,1,186500.0
381,182,90,1,123800.0
382,182,62,2,86500.0
383,183,25,1,89600.0
384,183,42,1,120700.0
385,184,36,1,186300.0
386,185,78,1,65600.0
387,185,42,1,120700.0
388,185,19,2,36000.0
389,186,3,1,166100.0
390,187,15,2,110500.0
391,187,19,2,36000.0
392,187,85,1,117900.0
393,188,48,1,190000.0
394,188,5,1,45600.0
395,188,53,1,160000.0
396,189,44,1,147100.0
397,190,77,2,48200.0
398,190,11,2,59100.0
399,191,37,2,117600.0
400,191,5,2,45600.0
401,191,71,2,183400.0
402,192,34,1,23800.0
403,193,52,2,22300.0
404,194,25,1,89600.0
405,194,53,1,160000.0
406,195,86,2,76700.0
407,195,88,2,26200.0
408,195,87,1,174100.0
409,196,81,2,39100.0
410,196,28,1,39700.0
411,197,51,1,146800.0
412,198,99,2,192100.0
413,199,62,1,86500.0
414,200,2,2,132400.0
415,200,2,1,132400.0
416,201,59,1,176600.0
417,202,68,1,187200.0
418,202,94,2,60300.0
419,202,69,1,160800.0
420,203,32,1,123200.0
421,203,23,1,198400.0
422,204,2,1,132400.0
423,204,40,1,69000.0
424,204,30,1,174800.0
425,205,69,2,160800.0
426,205,9,1,179300.0
427,205,41,1,148100.0
428,206,24,1,51200.0
429,206,87,1,174100.0
430,206,72,1,154700.0
431,207,8,2,158400.0
432,208,68,1,187200.0
433,208,84,1,119500.0
434,208,62,1,86500.0
435,209,7,1,123800.0
436,209,80,2,96600.0
437,210,33,1,182400.0
438,210,57,2,154200.0
439,211,51,1,146800.0
440,211,18,1,132600.0
441,212,25,1,89600.0
442,212,44,1,147100.0
443,212,45,1,44800.0
444,213,28,2,39700.0
445,213,96,2,155500.0
446,214,47,2,198600.0
447,214,6,1,92900.0
448,214,8,1,158400.0
449,215,54,2,36400.0
450,215,52,1,22300.0
451,215,61,2,185800.0
452,216,39,2,25100.0
453,216,87,1,174100.0
454,216,10,1,62800.0
455,217,46,1,61700.0
456,217,68,1,187200.0
457,218,75,1,198800.0
458,218,64,1,46700.0
459,218,33,1,182400.0
460,219,86,2,76700.0
461,220,67,2,110300.0
462,220,89,2,70300.0
463,220,95,2,147000.0
464,221,82,2,174600.0
465,221,92,1,173200.0
466,222,85,2,117900.0
467,222,18,2,132600.0
468,223,83,1,134100.0
469,223,39,2,25100.0
470,223,16,2,124200.0
471,224,68,1,187200.0
472,225,70,1,93600.0
473,225,35,1,115900.0
474,226,87,1,174100.0
475,226,74,1,93000.0
476,226,43,1,178000.0
477,227,61,1,185800.0
478,227,88,1,26200.0
479,227,11,2,59100.0
480,228,93,1,184600.0
481,229,65,2,163800.0
482,229,74,1,93000.0
483,229,58,2,186500.0
484,230,46,1,61700.0
485,231,43,1,178000.0
486,232,99,2,192100.0
487,232,58,2,186500.0
488,233,5,2,45600.0
489,234,10,1,62800.0
490,235,25,1,89600.0
491,235,40,2,69000.0
492,236,68,1,187200.0
493,237,63,2,75300.0
494,238,4,2,185600.0
495,238,90,2,123800.0
496,239,100,1,111500.0
497,240,18,1,132600.0
498,241,51,1,146800.0
499,242,52,2,22300.0
500,242,44,2,147100.0
501,242,58,1,186500.0
502,243,32,2,123200.0
503,243,8,2,158400.0
504,244,8,2,158400.0
505,244,47,1,198600.0
506,245,65,2,163800.0
507,245,85,2,117900.0
508,246,100,2,111500.0
509,246,89,2,70300.0
510,246,22,1,86300.0
511,247,18,1,132600.0
512,248,74,1,93000.0
513,248,38,2,107900.0
514,248,62,1,86500.0
515,249,4,2,185600.0
516,250,7,2,123800.0
517,250,45,1,44800.0
518,251,88,2,26200.0
519,251,58,2,186500.0
520,251,100,1,111500.0
521,252,100,2,111500.0
522,253,16,1,124200.0
523,253,30,2,174800.0
524,254,80,1,96600.0
525,255,71,1,183400.0
526,256,89,1,70300.0
527,256,51,2,146800.0
528,257,22,2,86300.0
529,258,46,1,61700.0
530,258,66,1,80000.0
531,258,16,1,124200.0
532,259,51,2,146800.0
533,260,32,1,123200.0
534,261,13,1,127600.0
535,262,1,1,48200.0
536,262,44,1,147100.0
537,262,14,2,35900.0
538,263,92,2,173200.0
539,264,54,1,36400.0
540,265,6,2,92900.0
541,265,69,1,160800.0
542,265,90,1,123800.0
543,266,93,2,184600.0
544,266,42,1,120700.0
545,267,84,2,119500.0
546,267,88,2,26200.0
547,267,13,2,127600.0
548,268,24,1,51200.0
549,268,45,1,44800.0
550,269,67,2,110300.0
551,270,24,1,51200.0
552,270,96,1,155500.0
553,270,75,1,198800.0
554,271,76,2,96900.0
555,271,5,2,45600.0
556,271,100,1,111500.0
557,272,27,2,101200.0
558,272,23,2,198400.0
559,273,66,1,80000.0
560,273,91,1,64800.0
561,274,25,2,89600.0
562,274,25,1,89600.0
563,274,31,1,105100.0
564,275,23,1,198400.0
565,275,62,1,86500.0
566,276,95,1,147000.0
567,276,50,2,96400.0
568,277,97,2,105600.0
569,277,27,2,101200.0
570,277,72,1,154700.0
571,278,13,2,127600.0
572,278,31,2,105100.0
573,279,4,2,185600.0
574,279,43,2,178000.0
575,280,72,1,154700.0
576,280,69,1,160800.0
577,281,8,1,158400.0
578,282,50,2,96400.0
579,282,47,2,198600.0
580,283,21,1,149700.0
581,284,20,1,102900.0
582,284,25,2,89600.0
583,284,53,2,160000.0
584,285,48,2,190000.0
585,285,53,1,160000.0
586,285,1,1,48200.0
587,286,98,1,169400.0
588,287,82,1,174600.0
589,288,21,2,149700.0
590,289,69,1,160800.0
591,289,18,1,132600.0
592,289,31,1,105100.0
593,290,54,2,36400.0
594,290,79,2,178900.0
595,291,31,2,105100.0
596,291,16,1,124200.0
597,292,56,1,131400.0
598,292,41,1,148100.0
599,293,86,1,76700.0
600,294,11,2,59100.0
601,295,16,1,124200.0
602,295,56,2,131400.0
603,296,70,1,93600.0
604,296,82,2,174600.0
605,297,1,1,48200.0
606,297,43,1,178000.0
607,297,79,2,178900.0
608,298,93,2,184600.0
609,298,32,2,123200.0
610,298,54,2,36400.0
611,299,10,1,62800.0
612,299,15,2,110500.0
613,300,11,1,59100.0
614,300,3,1,166100.0
615,301,41,2,148100.0
616,301,31,1,105100.0
617,302,28,1,39700.0
618,302,58,2,186500.0
619,302,65,1,163800.0
620,303,24,2,51200.0
621,303,80,1,96600.0
622,304,46,1,61700.0
623,305,86,1,76700.0
624,306,41,2,148100.0
625,306,1,1,48200.0
626,306,75,1,198800.0
627,307,11,1,59100.0
628,308,80,2,96600.0
629,308,22,2,86300.0
630,309,34,2,23800.0
631,309,88,2,26200.0
632,309,71,2,183400.0
633,310,17,1,160100.0
634,311,75,2,198800.0
635,311,56,1,131400.0
636,311,9,2,179300.0
637,312,2,1,132400.0
638,312,64,2,46700.0
639,312,46,2,61700.0
640,313,12,2,56800.0
641,313,17,2,160100.0
642,314,66,2,80000.0
643,315,70,2,93600.0
644,315,1,2,48200.0
645,315,36,1,186300.0
646,316,10,2,62800.0
647,316,39,2,25100.0
648,317,23,2,198400.0
649,318,17,1,160100.0
650,319,53,2,160000.0
651,320,34,2,23800.0
652,320,18,2,132600.0
653,320,98,2,169400.0
654,321,63,2,75300.0
655,322,56,2,131400.0
656,323,89,2,70300.0
657,324,71,2,183400.0
658,325,79,2,178900.0
659,325,87,1,174100.0
660,325,20,2,102900.0
661,326,4,1,185600.0
662,326,78,1,65600.0
663,326,13,2,127600.0
664,327,55,1,160300.0
665,327,29,2,193100.0
666,328,72,2,154700.0
667,329,96,2,155500.0
668,330,82,2,174600.0
669,330,55,1,160300.0
670,330,56,2,131400.0
671,331,15,2,110500.0
672,331,34,2,23800.0
673,331,98,2,169400.0
674,332,25,2,89600.0
675,333,47,2,198600.0
676,333,31,1,105100.0
677,333,49,1,134600.0
678,334,88,1,26200.0
679,335,68,2,187200.0
680,335,77,2,48200.0
681,335,2,2,132400.0
682,336,82,2,174600.0
683,337,43,2,178000.0
684,338,83,2,134100.0
685,338,89,1,70300.0
686,339,82,1,174600.0
687,340,9,1,179300.0
688,341,14,1,35900.0
689,341,98,2,169400.0
690,342,98,1,169400.0
691,342,65,1,163800.0
692,342,46,2,61700.0
693,343,48,1,190000.0
694,343,33,2,182400.0
695,344,43,2,178000.0
696,344,74,2,93000.0
697,345,92,2,173200.0
698,345,80,1,96600.0
699,346,27,1,101200.0
700,346,63,2,75300.0
701,347,96,1,155500.0
702,347,59,1,176600.0
703,348,10,1,62800.0
704,348,54,2,36400.0
705,349,72,2,154700.0
706,349,24,2,51200.0
707,349,55,1,160300.0
708,350,48,1,190000.0
709,350,61,2,185800.0
710,350,87,2,174100.0
711,351,56,2,131400.0
712,351,16,2,124200.0
713,352,38,1,107900.0
714,352,71,1,183400.0
715,352,32,2,123200.0
716,353,48,2,190000.0
717,353,11,1,59100.0
718,354,6,2,92900.0
719,354,85,2,117900.0
720,355,97,1,105600.0
721,356,36,2,186300.0
722,357,27,2,101200.0
723,357,53,2,160000.0
724,357,38,2,107900.0
725,358,19,1,36000.0
726,358,98,2,169400.0
727,359,24,1,51200.0
728,360,62,1,86500.0
729,361,18,1,132600.0
730,361,11,2,59100.0
731,361,54,2,36400.0
732,362,19,2,36000.0
733,362,4,1,185600.0
734,363,20,2,102900.0
735,364,69,2,160800.0
736,364,5,2,45600.0
737,365,83,2,134100.0
738,365,48,2,190000.0
739,366,91,2,64800.0
740,367,50,2,96400.0
741,367,34,1,23800.0
742,368,48,1,190000.0
743,368,19,2,36000.0
744,368,48,2,190000.0
745,369,99,1,192100.0
746,369,4,2,185600.0
747,370,85,1,117900.0
748,371,70,2,93600.0
749,372,61,1,185800.0
750,372,24,2,51200.0
751,372,27,1,101200.0
752,373,8,2,158400.0
753,373,10,2,62800.0
754,373,61,1,185800.0
755,374,45,1,44800.0
756,375,62,2,86500.0
757,375,47,2,198600.0
758,375,39,1,25100.0
759,376,37,1,117600.0
760,376,37,2,117600.0
761,377,38,2,107900.0
762,378,30,1,174800.0
763,378,81,2,39100.0
764,378,4,2,185600.0
765,379,46,2,61700.0
766,380,62,2,86500.0
767,380,17,2,160100.0
768,381,8,2,158400.0
769,382,23,2,198400.0
770,382,82,1,174600.0
771,383,24,2,51200.0
772,384,17,2,160100.0
773,384,69,2,160800.0
774,384,35,2,115900.0
775,385,37,2,117600.0
776,385,38,2,107900.0
777,385,15,1,110500.0
778,386,16,1,124200.0
779,386,79,1,178900.0
780,386,72,1,154700.0
781,387,58,2,186500.0
782,387,8,2,158400.0
783,387,84,1,119500.0
784,388,99,2,192100.0
785,388,26,2,75700.0
786,389,71,2,183400.0
787,390,98,2,169400.0
788,390,78,2,65600.0
789,390,24,1,51200.0
790,391,98,2,169400.0
791,392,95,2,147000.0
792,393,33,2,182400.0
793,393,5,1,45600.0
794,393,65,1,163800.0
795,394,38,1,107900.0
796,394,87,1,174100.0
797,395,87,2,174100.0
798,395,81,2,39100.0
799,395,48,1,190000.0
800,396,19,1,36000.0
801,396,35,2,115900.0
802,397,37,1,117600.0
803,397,45,1,44800.0
804,397,98,1,169400.0
805,398,82,2,174600.0
806,398,53,1,160000.0
807,399,16,2,124200.0
808,400,55,2,160300.0
809,401,10,1,62800.0
810,401,29,2,193100.0
811,401,38,2,107900.0
812,402,16,2,124200.0
813,402,62,1,86500.0
814,402,32,2,123200.0
815,403,93,1,184600.0
816,403,58,1,186500.0
817,403,50,2,96400.0
818,404,49,2,134600.0
819,404,3,1,166100.0
820,404,47,2,198600.0
821,405,26,1,75700.0
822,405,62,1,86500.0
823,405,6,2,92900.0
824,406,36,2,186300.0
825,406,19,2,36000.0
826,407,69,2,160800.0
827,407,91,1,64800.0
828,407,31,2,105100.0
829,408,2,1,132400.0
830,408,91,2,64800.0
831,408,23,2,198400.0
832,409,72,2,154700.0
833,410,38,2,107900.0
834,410,57,2,154200.0
835,410,88,2,26200.0
836,411,64,2,46700.0
837,411,70,1,93600.0
838,412,39,1,25100.0
839,412,78,2,65600.0
840,412,42,1,120700.0
841,413,53,1,160000.0
842,413,29,1,193100.0
843,413,20,2,102900.0
844,414,31,2,105100.0
845,415,89,1,70300.0
846,416,75,1,198800.0
847,417,55,2,160300.0
848,417,53,2,160000.0
849,417,26,2,75700.0
850,418,39,2,25100.0
851,418,24,2,51200.0
852,418,39,1,25100.0
853,419,15,1,110500.0
854,420,49,2,134600.0
855,420,77,1,48200.0
856,420,41,1,148100.0
857,421,97,2,105600.0
858,421,83,1,134100.0
859,421,39,1,25100.0
860,422,79,1,178900.0
861,423,67,2,110300.0
862,423,45,1,44800.0
863,423,62,2,86500.0
864,424,15,1,110500.0
865,425,14,2,35900.0
866,425,78,2,65600.0
867,425,15,2,110500.0
868,426,18,1,132600.0
869,427,38,2,107900.0
870,427,89,1,70300.0
871,427,18,1,132600.0
872,428,24,1,51200.0
873,429,17,2,160100.0
874,429,31,2,105100.0
875,429,85,1,117900.0
876,430,59,1,176600.0
877,430,14,1,35900.0
878,431,33,2,182400.0
879,432,50,1,96400.0
880,432,47,1,198600.0
881,433,2,2,132400.0
882,433,38,1,107900.0
883,434,29,2,193100.0
884,434,90,1,123800.0
885,434,6,1,92900.0
886,435,23,2,198400.0
887,435,13,2,127600.0
888,436,40,2,69000.0
889,436,43,2,178000.0
890,437,63,1,75300.0
891,437,25,1,89600.0
892,438,40,1,69000.0
893,438,69,1,160800.0
894,438,13,1,127600.0
895,439,31,2,105100.0
896,440,59,2,176600.0
897,440,29,2,193100.0
898,440,48,2,190000.0
899,441,13,2,127600.0
900,441,12,2,56800.0
901,441,27,2,101200.0
902,442,13,2,127600.0
903,443,19,2,36000.0
904,443,100,2,111500.0
905,444,68,2,187200.0
906,444,37,1,117600.0
907,444,50,2,96400.0
908,445,57,2,154200.0
909,446,10,1,62800.0
910,447,39,1,25100.0
911,447,61,2,185800.0
912,448,39,1,25100.0
913,448,72,2,154700.0
914,448,47,1,198600.0
915,449,28,2,39700.0
916,449,49,2,134600.0
917,450,63,1,75300.0
918,451,67,2,110300.0
919,451,80,1,96600.0
920,451,83,1,134100.0
921,452,57,1,154200.0
922,452,53,1,160000.0
923,453,6,2,92900.0
924,453,54,1,36400.0
925,454,39,1,25100.0
926,455,75,2,198800.0
927,455,48,1,190000.0
928,455,64,1,46700.0
929,456,28,1,39700.0
930,456,74,2,93000.0
931,457,86,1,76700.0
932,457,99,1,192100.0
933,458,94,1,60300.0
934,459,82,2,174600.0
935,459,38,1,107900.0
936,459,60,2,103200.0
937,460,52,2,22300.0
938,460,26,1,75700.0
939,460,63,1,75300.0
940,461,56,2,131400.0
941,461,27,1,101200.0
942,462,47,2,198600.0
943,462,63,2,75300.0
944,462,68,2,187200.0
945,463,32,1,123200.0
946,463,92,2,173200.0
947,463,41,1,148100.0
948,464,22,2,86300.0
949,464,87,2,174100.0
950,465,96,2,155500.0
951,466,19,1,36000.0
952,466,11,1,59100.0
953,466,9,1,179300.0
954,467,26,2,75700.0
955,467,50,2,96400.0
956,468,97,1,105600.0
957,469,96,1,155500.0
958,470,68,2,187200.0
959,471,96,1,155500.0
960,471,6,2,92900.0
961,471,49,1,134600.0
962,472,64,1,46700.0
963,472,49,1,134600.0
964,473,87,1,174100.0
965,474,52,2,22300.0
966,475,38,1,107900.0
967,475,62,2,86500.0
968,475,97,2,105600.0
969,476,96,1,155500.0
970,477,10,2,62800.0
971,477,48,1,190000.0
972,478,4,2,185600.0
973,478,86,2,76700.0
974,479,62,2,86500.0
975,479,29,2,193100.0
976,479,2,2,132400.0
977,480,16,1,124200.0
978,480,19,2,36000.0
979,480,80,1,96600.0
980,481,70,2,93600.0
981,481,60,1,103200.0
982,482,33,2,182400.0
983,482,95,2,147000.0
984,482,92,2,173200.0
985,483,74,2,93000.0
986,483,67,2,110300.0
987,483,29,2,193100.0
988,484,65,2,163800.0
989,485,19,1,36000.0
990,485,28,1,39700.0
991,485,8,2,158400.0
992,486,85,2,117900.0
993,487,45,2,44800.0
994,487,63,2,75300.0
995,488,97,1,105600.0
996,489,4,1,185600.0
997,490,56,1,131400.0
998,490,16,1,124200.0
999,491,67,2,110300.0
1000,491,10,2,62800.0
1001,491,18,2,132600.0
1002,492,37,1,117600.0
1003,492,8,1,158400.0
1004,492,48,2,190000.0
1005,493,79,1,178900.0
1006,493,72,1,154700.0
1007,493,78,1,65600.0
1008,494,91,1,64800.0
1009,494,85,1,117900.0
1010,494,69,1,160800.0
1011,495,88,2,26200.0
1012,495,7,1,123800.0
1013,496,84,2,119500.0
1014,496,60,1,103200.0
1015,496,58,2,186500.0
1016,497,5,2,45600.0
1017,497,45,1,44800.0
1018,498,31,2,105100.0
1019,499,10,2,62800.0
1020,500,78,1,65600.0
1021,500,71,1,183400.0
1022,501,34,1,23800.0
1023,501,49,2,134600.0
1024,502,30,2,174800.0
1025,503,2,1,132400.0
1026,504,15,2,110500.0
1027,505,40,1,69000.0
1028,506,1,1,48200.0
1029,506,6,1,92900.0
1030,507,69,2,160800.0
1031,507,44,2,147100.0
1032,508,37,2,117600.0
1033,508,84,2,119500.0
1034,509,21,1,149700.0
1035,510,100,1,111500.0
1036,510,26,1,75700.0
1037,510,48,2,190000.0
1038,511,95,2,147000.0
1039,511,82,2,174600.0
1040,511,75,2,198800.0
1041,512,15,1,110500.0
1042,512,41,2,148100.0
1043,512,52,1,22300.0
1044,513,15,2,110500.0
1045,514,41,2,148100.0
1046,514,30,2,174800.0
1047,515,37,1,117600.0
1048,515,84,1,119500.0
1049,516,66,1,80000.0
1050,516,47,1,198600.0
1051,516,56,1,131400.0
1052,517,3,1,166100.0
1053,518,58,2,186500.0
1054,518,52,2,22300.0
1055,518,93,1,184600.0
1056,519,99,1,192100.0
1057,519,36,2,186300.0
1058,519,52,2,22300.0
1059,520,52,1,22300.0
1060,520,40,2,69000.0
1061,520,80,2,96600.0
1062,521,36,2,186300.0
1063,521,35,1,115900.0
1064,521,19,2,36000.0
1065,522,67,2,110300.0
1066,522,48,2,190000.0
1067,523,30,1,174800.0
1068,523,48,2,190000.0
1069,523,65,1,163800.0
1070,524,30,1,174800.0
1071,524,48,2,190000.0
1072,524,92,2,173200.0
1073,525,1,2,48200.0
1074,525,41,1,148100.0
1075,526,32,1,123200.0
1076,526,66,1,80000.0
1077,526,94,1,60300.0
1078,527,66,1,80000.0
1079,527,27,1,101200.0
1080,528,73,2,64500.0
1081,529,8,1,158400.0
1082,529,99,2,192100.0
1083,529,28,1,39700.0
1084,530,61,1,185800.0
1085,530,68,1,187200.0
1086,530,77,2,48200.0
1087,531,74,1,93000.0
1088,531,74,2,93000.0
1089,532,98,1,169400.0
1090,532,81,2,39100.0
1091,532,62,2,86500.0
1092,533,56,1,131400.0
1093,533,15,2,110500.0
1094,533,53,2,160000.0
1095,534,29,1,193100.0
1096,534,28,1,39700.0
1097,535,50,2,96400.0
1098,536,73,2,64500.0
1099,536,75,2,198800.0
1100,537,77,2,48200.0
1101,537,27,1,101200.0
1102,537,12,1,56800.0
1103,538,36,1,186300.0
1104,538,17,2,160100.0
1105,538,49,2,134600.0
1106,539,98,2,169400.0
1107,539,50,2,96400.0
1108,539,97,1,105600.0
1109,540,64,2,46700.0
1110,540,61,1,185800.0
1111,540,22,2,86300.0
1112,541,60,1,103200.0
1113,541,63,2,75300.0
1114,542,56,1,131400.0
1115,542,6,1,92900.0
1116,543,84,1,119500.0
1117,543,88,2,26200.0
1118,544,42,2,120700.0
1119,544,59,1,176600.0
1120,544,71,2,183400.0
1121,545,92,2,173200.0
1122,546,94,2,60300.0
1123,546,14,2,35900.0
1124,547,34,2,23800.0
1125,547,84,1,119500.0
1126,548,84,1,119500.0
1127,548,18,1,132600.0
1128,548,51,2,146800.0
1129,549,13,2,127600.0
1130,550,57,1,154200.0
1131,551,92,1,173200.0
1132,551,82,1,174600.0
1133,551,62,2,86500.0
1134,552,27,1,101200.0
1135,552,80,1,96600.0
1136,552,75,2,198800.0
1137,553,52,1,22300.0
1138,553,91,1,64800.0
1139,553,23,2,198400.0
1140,554,23,2,198400.0
1141,554,47,2,198600.0
1142,554,49,1,134600.0
1143,555,58,2,186500.0
1144,555,56,1,131400.0
1145,556,15,2,110500.0
1146,556,47,1,198600.0
1147,557,42,1,120700.0
1148,557,16,2,124200.0
1149,558,90,2,123800.0
1150,558,74,1,93000.0
1151,559,49,1,134600.0
1152,559,13,2,127600.0
1153,559,5,1,45600.0
1154,560,30,2,174800.0
1155,560,14,1,35900.0
1156,561,97,1,105600.0
1157,562,84,2,119500.0
1158,562,61,1,185800.0
1159,563,4,2,185600.0
1160,563,82,2,174600.0
1161,563,29,1,193100.0
1162,564,48,1,190000.0
1163,564,8,2,158400.0
1164,565,75,2,198800.0
1165,565,27,2,101200.0
1166,565,87,2,174100.0
1167,566,90,1,123800.0
1168,566,4,2,185600.0
1169,567,50,2,96400.0
1170,567,72,1,154700.0
1171,567,36,2,186300.0
1172,568,56,2,131400.0
1173,568,45,1,44800.0
1174,569,52,1,22300.0
1175,570,92,2,173200.0
1176,570,4,1,185600.0
1177,570,41,1,148100.0
1178,571,44,1,147100.0
1179,571,19,2,36000.0
1180,572,87,1,174100.0
1181,572,34,2,23800.0
1182,572,16,2,124200.0
1183,573,97,1,105600.0
1184,573,14,1,35900.0
1185,574,97,2,105600.0
1186,574,31,1,105100.0
1187,575,34,2,23800.0
1188,575,49,1,134600.0
1189,575,6,2,92900.0
1190,576,68,1,187200.0
1191,576,34,1,23800.0
1192,576,6,1,92900.0
1193,577,44,2,147100.0
1194,577,15,1,110500.0
1195,577,4,2,185600.0
1196,578,55,2,160300.0
1197,578,76,2,96900.0
1198,578,67,2,110300.0
1199,579,71,2,183400.0
1200,579,43,2,178000.0
1201,579,85,1,117900.0
1202,580,19,1,36000.0
1203,580,34,2,23800.0
1204,581,36,2,186300.0
1205,581,33,2,182400.0
1206,582,54,1,36400.0
1207,583,58,2,186500.0
1208,583,65,2,163800.0
1209,583,90,2,123800.0
1210,584,18,1,132600.0
1211,584,33,1,182400.0
1212,584,32,1,123200.0
1213,585,92,1,173200.0
1214,585,99,2,192100.0
1215,585,89,1,70300.0
1216,586,89,2,70300.0
1217,587,84,1,119500.0
1218,588,5,2,45600.0
1219,588,42,2,120700.0
1220,589,51,2,146800.0
1221,589,10,2,62800.0
1222,589,99,1,192100.0
1223,590,11,2,59100.0
1224,590,82,2,174600.0
1225,591,97,2,105600.0
1226,591,49,2,134600.0
1227,592,88,2,26200.0
1228,592,79,2,178900.0
1229,593,29,2,193100.0
1230,593,10,1,62800.0
1231,594,81,2,39100.0
1232,594,29,1,193100.0
1233,594,70,1,93600.0
1234,595,34,1,23800.0
1235,595,46,2,61700.0
1236,595,67,1,110300.0
1237,596,73,1,64500.0
1238,596,84,2,119500.0
1239,597,67,2,110300.0
1240,598,38,1,107900.0
1241,599,47,1,198600.0
1242,599,1,1,48200.0
1243,600,32,2,123200.0
1244,600,17,2,160100.0
1245,601,68,2,187200.0
1246,601,67,2,110300.0
1247,601,28,1,39700.0
1248,602,60,2,103200.0
1249,602,86,1,76700.0
1250,603,15,2,110500.0
1251,603,14,1,35900.0
1252,604,91,2,64800.0
1253,604,66,1,80000.0
1254,604,76,1,96900.0
1255,605,11,2,59100.0
1256,605,34,2,23800.0
1257,606,86,1,76700.0
1258,607,60,2,103200.0
1259,607,20,2,102900.0
1260,608,49,1,134600.0
1261,609,32,2,123200.0
1262,609,31,1,105100.0
1263,609,12,2,56800.0
1264,610,13,1,127600.0
1265,610,46,1,61700.0
1266,610,16,2,124200.0
1267,611,73,1,64500.0
1268,612,22,1,86300.0
1269,612,46,1,61700.0
1270,612,27,1,101200.0
1271,613,88,1,26200.0
1272,613,25,1,89600.0
1273,613,41,2,148100.0
1274,614,80,1,96600.0
1275,615,63,2,75300.0
1276,616,67,2,110300.0
1277,616,63,1,75300.0
1278,617,31,2,105100.0
1279,617,38,1,107900.0
1280,618,94,1,60300.0
1281,618,78,2,65600.0
1282,619,54,1,36400.0
1283,620,44,2,147100.0
1284,620,86,1,76700.0
1285,620,58,1,186500.0
1286,621,94,1,60300.0
1287,621,22,2,86300.0
1288,621,12,2,56800.0
1289,622,49,2,134600.0
1290,623,34,2,23800.0
1291,623,1,2,48200.0
1292,623,75,2,198800.0
1293,624,79,2,178900.0
1294,625,16,1,124200.0
1295,625,7,2,123800.0
1296,625,93,1,184600.0
1297,626,70,2,93600.0
1298,626,95,1,147000.0
1299,626,39,2,25100.0
1300,627,83,2,134100.0
1301,627,28,2,39700.0
1302,627,69,1,160800.0
1303,628,75,1,198800.0
1304,629,37,2,117600.0
1305,629,14,1,35900.0
1306,629,75,1,198800.0
1307,630,6,2,92900.0
1308,630,87,1,174100.0
1309,631,37,1,117600.0
1310,631,43,2,178000.0
1311,632,33,1,182400.0
1312,632,46,2,61700.0
1313,632,60,2,103200.0
1314,633,44,1,147100.0
1315,633,92,2,173200.0
1316,634,19,2,36000.0
1317,634,57,1,154200.0
1318,635,50,2,96400.0
1319,635,5,1,45600.0
1320,635,87,2,174100.0
1321,636,72,1,154700.0
1322,637,82,2,174600.0
1323,637,77,2,48200.0
1324,637,46,2,61700.0
1325,638,51,2,146800.0
1326,638,36,2,186300.0
1327,639,50,1,96400.0
1328,640,60,2,103200.0
1329,640,12,1,56800.0
1330,640,92,2,173200.0
1331,641,71,2,183400.0
1332,641,67,1,110300.0
1333,641,91,2,64800.0
1334,642,65,2,163800.0
1335,642,84,1,119500.0
1336,643,60,2,103200.0
1337,643,50,1,96400.0
1338,644,62,2,86500.0
1339,644,33,1,182400.0
1340,645,73,2,64500.0
1341,645,21,2,149700.0
1342,645,12,2,56800.0
1343,646,63,1,75300.0
1344,646,13,1,127600.0
1345,647,56,2,131400.0
1346,648,86,2,76700.0
1347,648,29,2,193100.0
1348,649,54,1,36400.0
1349,649,78,2,65600.0
1350,650,89,1,70300.0
1351,651,50,2,96400.0
1352,651,96,1,155500.0
1353,652,53,2,160000.0
1354,652,26,1,75700.0
1355,653,71,1,183400.0
1356,653,55,1,160300.0
1357,653,93,1,184600.0
1358,654,55,2,160300.0
1359,655,66,2,80000.0
1360,655,8,2,158400.0
1361,656,69,1,160800.0
1362,656,78,1,65600.0
1363,656,97,2,105600.0
1364,657,39,2,25100.0
1365,657,80,1,96600.0
1366,657,100,2,111500.0
1367,658,85,2,117900.0
1368,658,40,2,69000.0
1369,659,68,2,187200.0
1370,660,56,1,131400.0
1371,661,37,2,117600.0
1372,662,24,1,51200.0
1373,662,34,2,23800.0
1374,662,79,2,178900.0
1375,663,55,1,160300.0
1376,664,95,2,147000.0
1377,664,28,2,39700.0
1378,664,19,2,36000.0
1379,665,93,1,184600.0
1380,665,77,1,48200.0
1381,666,78,2,65600.0
1382,667,86,2,76700.0
1383,668,2,1,132400.0
1384,668,12,1,56800.0
1385,669,12,2,56800.0
1386,670,52,1,22300.0
1387,670,57,2,154200.0
1388,670,90,1,123800.0
1389,671,4,2,185600.0
1390,671,94,2,60300.0
1391,672,37,1,117600.0
1392,673,47,2,198600.0
1393,673,78,1,65600.0
1394,673,73,1,64500.0
1395,674,32,2,123200.0
1396,674,58,1,186500.0
1397,674,26,2,75700.0
1398,675,74,1,93000.0
1399,676,31,2,105100.0
1400,677,39,1,25100.0
1401,677,50,1,96400.0
1402,677,33,2,182400.0
1403,678,86,1,76700.0
1404,678,67,1,110300.0
1405,678,41,1,148100.0
1406,679,85,1,117900.0
1407,679,28,1,39700.0
1408,680,6,1,92900.0
1409,680,40,1,69000.0
1410,680,7,2,123800.0
1411,681,39,2,25100.0
1412,681,57,1,154200.0
1413,681,14,2,35900.0
1414,682,95,1,147000.0
1415,682,19,1,36000.0
1416,682,71,1,183400.0
1417,683,77,1,48200.0
1418,684,39,2,25100.0
1419,685,83,1,134100.0
1420,685,65,2,163800.0
1421,686,10,2,62800.0
1422,687,39,2,25100.0
1423,687,75,1,198800.0
1424,688,67,2,110300.0
1425,688,6,1,92900.0
1426,689,75,1,198800.0
1427,689,68,2,187200.0
1428,689,46,2,61700.0
1429,690,52,1,22300.0
1430,691,91,2,64800.0
1431,691,15,1,110500.0
1432,692,57,1,154200.0
1433,692,28,2,39700.0
1434,693,66,1,80000.0
1435,694,52,2,22300.0
1436,695,56,2,131400.0
1437,695,83,1,134100.0
1438,696,66,1,80000.0
1439,697,64,2,46700.0
1440,698,35,2,115900.0
1441,698,22,1,86300.0
1442,698,85,2,117900.0
1443,699,47,1,198600.0
1444,700,99,2,192100.0
1445,700,15,2,110500.0
1446,700,16,2,124200.0
1447,701,11,2,59100.0
1448,701,30,2,174800.0
1449,701,89,2,70300.0
1450,702,86,1,76700.0
1451,702,81,1,39100.0
1452,702,16,2,124200.0
1453,703,81,2,39100.0
1454,703,6,2,92900.0
1455,703,40,1,69000.0
1456,704,86,2,76700.0
1457,704,22,1,86300.0
1458,705,12,2,56800.0
1459,706,34,2,23800.0
1460,706,84,1,119500.0
1461,706,37,2,117600.0
1462,707,48,1,190000.0
1463,708,78,2,65600.0
1464,708,25,2,89600.0
1465,709,10,2,62800.0
1466,709,88,2,26200.0
1467,710,41,2,148100.0
1468,710,64,2,46700.0
1469,710,59,2,176600.0
1470,711,79,2,178900.0
1471,712,26,2,75700.0
1472,712,49,1,134600.0
1473,713,26,2,75700.0
1474,713,43,1,178000.0
1475,714,84,1,119500.0
1476,714,17,1,160100.0
1477,715,24,2,51200.0
1478,716,4,2,185600.0
1479,716,5,2,45600.0
1480,716,65,1,163800.0
1481,717,3,1,166100.0
1482,717,58,2,186500.0
1483,718,8,2,158400.0
1484,719,31,1,105100.0
1485,720,87,2,174100.0
1486,720,48,1,190000.0
1487,721,88,1,26200.0
1488,721,86,2,76700.0
1489,721,90,1,123800.0
1490,722,32,1,123200.0
1491,722,85,2,117900.0
1492,722,72,2,154700.0
1493,723,87,2,174100.0
1494,723,23,2,198400.0
1495,723,65,1,163800.0
1496,724,70,1,93600.0
1497,725,21,1,149700.0
1498,726,28,2,39700.0
1499,727,76,2,96900.0
1500,728,25,1,89600.0
1501,729,93,1,184600.0
1502,729,65,2,163800.0
1503,730,72,1,154700.0
1504,730,80,1,96600.0
1505,731,93,2,184600.0
1506,732,21,1,149700.0
1507,732,23,1,198400.0
1508,732,22,1,86300.0
1509,733,66,1,80000.0
1510,733,76,1,96900.0
1511,734,13,2,127600.0
1512,735,93,1,184600.0
1513,736,87,1,174100.0
1514,736,85,2,117900.0
1515,737,65,1,163800.0
1516,738,5,2,45600.0
1517,738,82,1,174600.0
1518,738,95,1,147000.0
1519,739,94,1,60300.0
1520,739,78,1,65600.0
1521,739,81,2,39100.0
1522,740,88,2,26200.0
1523,740,89,2,70300.0
1524,741,5,1,45600.0
1525,741,85,2,117900.0
1526,741,66,2,80000.0
1527,742,51,2,146800.0
1528,742,45,1,44800.0
1529,742,47,2,198600.0
1530,743,30,1,174800.0
1531,744,2,1,132400.0
1532,745,5,1,45600.0
1533,745,57,2,154200.0
1534,745,94,2,60300.0
1535,746,85,2,117900.0
1536,746,40,1,69000.0
1537,747,55,2,160300.0
1538,748,22,1,86300.0
1539,748,97,1,105600.0
1540,748,52,1,22300.0
1541,749,75,2,198800.0
1542,750,15,2,110500.0
1543,750,63,1,75300.0
1544,750,46,2,61700.0
1545,751,85,2,117900.0
1546,751,75,1,198800.0
1547,752,95,1,147000.0
1548,752,8,2,158400.0
1549,752,84,1,119500.0
1550,753,12,2,56800.0
1551,753,95,1,147000.0
1552,753,96,1,155500.0
1553,754,24,1,51200.0
1554,754,98,1,169400.0
1555,754,81,1,39100.0
1556,755,2,2,132400.0
1557,755,78,2,65600.0
1558,756,58,1,186500.0
1559,756,100,2,111500.0
1560,757,70,2,93600.0
1561,757,7,1,123800.0
1562,757,3,1,166100.0
1563,758,1,1,48200.0
1564,758,13,2,127600.0
1565,759,28,2,39700.0
1566,759,36,2,186300.0
1567,760,14,2,35900.0
1568,761,23,2,198400.0
1569,761,15,2,110500.0
1570,761,61,2,185800.0
1571,762,90,1,123800.0
1572,763,4,2,185600.0
1573,763,67,2,110300.0
1574,763,94,2,60300.0
1575,764,27,1,101200.0
1576,765,9,2,179300.0
1577,766,60,2,103200.0
1578,766,93,2,184600.0
1579,767,31,2,105100.0
1580,767,54,1,36400.0
1581,768,72,2,154700.0
1582,768,54,2,36400.0
1583,768,6,2,92900.0
1584,769,21,2,149700.0
1585,770,4,2,185600.0
1586,771,22,1,86300.0
1587,772,50,1,96400.0
1588,772,82,2,174600.0
1589,772,20,2,102900.0
1590,773,41,2,148100.0
1591,773,83,1,134100.0
1592,773,52,2,22300.0
1593,774,17,1,160100.0
1594,774,3,1,166100.0
1595,774,82,1,174600.0
1596,775,88,1,26200.0
1597,776,86,2,76700.0
1598,776,66,2,80000.0
1599,777,15,2,110500.0
1600,777,64,1,46700.0
1601,777,16,1,124200.0
1602,778,10,2,62800.0
1603,778,59,1,176600.0
1604,779,33,1,182400.0
1605,779,15,1,110500.0
1606,779,70,1,93600.0
1607,780,5,1,45600.0
1608,781,38,2,107900.0
1609,781,26,1,75700.0
1610,782,16,2,124200.0
1611,782,2,1,132400.0
1612,782,52,1,22300.0
1613,783,100,2,111500.0
1614,783,7,1,123800.0
1615,783,8,1,158400.0
1616,784,64,2,46700.0
1617,784,92,2,173200.0
1618,785,68,1,187200.0
1619,785,25,2,89600.0
1620,785,80,2,96600.0
1621,786,6,2,92900.0
1622,786,35,2,115900.0
1623,786,41,2,148100.0
1624,787,34,1,23800.0
1625,787,1,2,48200.0
1626,788,34,1,23800.0
1627,789,99,1,192100.0
1628,789,86,2,76700.0
1629,790,11,2,59100.0
1630,790,50,2,96400.0
1631,791,25,2,89600.0
1632,792,67,2,110300.0
1633,793,26,2,75700.0
1634,794,53,2,160000.0
1635,794,87,1,174100.0
1636,794,90,1,123800.0
1637,795,47,1,198600.0
1638,795,78,2,65600.0
1639,795,55,2,160300.0
1640,796,4,1,185600.0
1641,796,96,1,155500.0
1642,797,25,1,89600.0
1643,797,50,1,96400.0
1644,798,53,1,160000.0
1645,798,9,1,179300.0
1646,798,15,2,110500.0
1647,799,66,1,80000.0
1648,799,33,1,182400.0
1649,799,52,2,22300.0
1650,800,50,1,96400.0
1651,800,11,1,59100.0
1652,800,46,1,61700.0
1653,801,37,1,117600.0
1654,801,39,2,25100.0
1655,801,63,1,75300.0
1656,802,36,2,186300.0
1657,802,82,1,174600.0
1658,802,62,2,86500.0
1659,803,15,1,110500.0
1660,804,45,1,44800.0
1661,804,58,1,186500.0
1662,804,42,2,120700.0
1663,805,95,1,147000.0
1664,805,58,1,186500.0
1665,805,51,1,146800.0
1666,806,55,1,160300.0
1667,807,34,1,23800.0
1668,808,12,2,56800.0
1669,808,43,2,178000.0
1670,809,95,1,147000.0
1671,809,58,2,186500.0
1672,810,67,2,110300.0
1673,810,91,2,64800.0
1674,811,26,1,75700.0
1675,812,38,2,107900.0
1676,812,11,2,59100.0
1677,813,83,1,134100.0
1678,813,12,2,56800.0
1679,813,68,2,187200.0
1680,814,73,2,64500.0
1681,814,48,1,190000.0
1682,815,78,2,65600.0
1683,816,57,2,154200.0
1684,816,51,1,146800.0
1685,817,18,2,132600.0
1686,818,100,2,111500.0
1687,818,29,2,193100.0
1688,819,96,2,155500.0
1689,820,66,2,80000.0
1690,820,3,2,166100.0
1691,820,20,1,102900.0
1692,821,20,2,102900.0
1693,821,95,1,147000.0
1694,822,10,2,62800.0
1695,823,98,1,169400.0
1696,824,4,1,185600.0
1697,825,67,1,110300.0
1698,826,38,2,107900.0
1699,826,28,2,39700.0
1700,826,2,1,132400.0
1701,827,22,1,86300.0
1702,828,94,1,60300.0
1703,828,61,2,185800.0
1704,828,90,2,123800.0
1705,829,71,2,183400.0
1706,830,49,1,134600.0
1707,831,59,2,176600.0
1708,831,69,2,160800.0
1709,831,7,1,123800.0
1710,832,39,2,25100.0
1711,833,62,1,86500.0
1712,833,63,1,75300.0
1713,833,70,2,93600.0
1714,834,86,2,76700.0
1715,834,78,1,65600.0
1716,834,86,1,76700.0
1717,835,26,2,75700.0
1718,836,97,2,105600.0
1719,836,52,1,22300.0
1720,836,76,2,96900.0
1721,837,61,2,185800.0
1722,837,30,2,174800.0
1723,838,6,2,92900.0
1724,839,90,1,123800.0
1725,839,6,2,92900.0
1726,839,21,1,149700.0
1727,840,48,2,190000.0
1728,840,2,1,132400.0
1729,841,82,1,174600.0
1730,841,43,2,178000.0
1731,841,22,2,86300.0
1732,842,37,2,117600.0
1733,842,28,2,39700.0
1734,843,44,2,147100.0
1735,844,76,2,96900.0
1736,844,27,1,101200.0
1737,844,48,2,190000.0
1738,845,57,1,154200.0
1739,845,90,2,123800.0
1740,845,37,1,117600.0
1741,846,57,2,154200.0
1742,847,20,1,102900.0
1743,847,73,1,64500.0
1744,848,37,2,117600.0
1745,848,42,2,120700.0
1746,848,19,1,36000.0
1747,849,33,1,182400.0
1748,849,21,1,149700.0
1749,849,70,2,93600.0
1750,850,60,2,103200.0
1751,850,44,1,147100.0
1752,851,2,2,132400.0
1753,851,92,2,173200.0
1754,852,12,1,56800.0
1755,852,79,2,178900.0
1756,852,56,1,131400.0
1757,853,88,2,26200.0
1758,854,40,1,69000.0
1759,854,38,2,107900.0
1760,855,29,2,193100.0
1761,856,13,2,127600.0
1762,856,7,1,123800.0
1763,856,18,2,132600.0
1764,857,48,1,190000.0
1765,857,77,2,48200.0
1766,858,93,1,184600.0
1767,859,1,1,48200.0
1768,859,100,1,111500.0
1769,859,35,1,115900.0
1770,860,10,1,62800.0
1771,860,66,2,80000.0
1772,861,11,1,59100.0
1773,862,66,1,80000.0
1774,862,94,1,60300.0
1775,862,90,2,123800.0
1776,863,24,2,51200.0
1777,863,31,1,105100.0
1778,864,100,2,111500.0
1779,864,34,1,23800.0
1780,865,54,1,36400.0
1781,865,18,2,132600.0
1782,866,57,2,154200.0
1783,866,32,1,123200.0
1784,866,72,1,154700.0
1785,867,80,1,96600.0
1786,868,25,2,89600.0
1787,869,12,1,56800.0
1788,869,59,2,176600.0
1789,870,57,1,154200.0
1790,870,66,2,80000.0
1791,871,41,2,148100.0
1792,871,64,2,46700.0
1793,872,37,2,117600.0
1794,872,85,1,117900.0
1795,873,91,2,64800.0
1796,873,81,2,39100.0
1797,874,51,1,146800.0
1798,875,43,1,178000.0
1799,875,9,1,179300.0
1800,875,83,1,134100.0
1801,876,37,2,117600.0
1802,876,4,1,185600.0
1803,876,59,1,176600.0
1804,877,26,1,75700.0
1805,877,36,2,186300.0
1806,878,86,1,76700.0
1807,879,34,1,23800.0
1808,879,8,2,158400.0
1809,880,17,1,160100.0
1810,881,25,1,89600.0
1811,882,3,1,166100.0
1812,882,2,2,132400.0
1813,883,50,1,96400.0
1814,883,19,1,36000.0
1815,884,7,2,123800.0
1816,885,94,1,60300.0
1817,885,92,1,173200.0
1818,886,93,1,184600.0
1819,886,77,2,48200.0
1820,887,26,1,75700.0
1821,887,86,1,76700.0
1822,887,91,2,64800.0
1823,888,96,2,155500.0
1824,889,45,1,44800.0
1825,890,27,2,101200.0
1826,890,46,1,61700.0
1827,891,51,1,146800.0
1828,891,82,2,174600.0
1829,892,3,1,166100.0
1830,893,32,2,123200.0
1831,893,70,1,93600.0
1832,893,22,2,86300.0
1833,894,88,1,26200.0
1834,895,97,1,105600.0
1835,895,19,2,36000.0
1836,895,77,1,48200.0
1837,896,23,2,198400.0
1838,897,51,1,146800.0
1839,898,3,2,166100.0
1840,898,44,1,147100.0
1841,898,63,1,75300.0
1842,899,58,2,186500.0
1843,899,39,1,25100.0
1844,900,36,1,186300.0
1845,901,44,2,147100.0
1846,902,31,1,105100.0
1847,902,51,1,146800.0
1848,902,6,1,92900.0
1849,903,35,1,115900.0
1850,904,73,2,64500.0
1851,904,41,1,148100.0
1852,905,62,1,86500.0
1853,905,23,2,198400.0
1854,906,33,1,182400.0
1855,906,100,2,111500.0
1856,907,81,1,39100.0
1857,907,90,2,123800.0
1858,908,20,1,102900.0
1859,909,98,2,169400.0
1860,909,57,1,154200.0
1861,909,42,1,120700.0
1862,910,9,1,179300.0
1863,910,16,2,124200.0
1864,910,55,2,160300.0
1865,911,48,2,190000.0
1866,911,28,1,39700.0
1867,912,95,2,147000.0
1868,913,94,1,60300.0
1869,913,10,2,62800.0
1870,914,82,2,174600.0
1871,914,92,2,173200.0
1872,914,51,2,146800.0
1873,915,40,1,69000.0
1874,915,20,1,102900.0
1875,915,59,1,176600.0
1876,916,41,1,148100.0
1877,916,35,1,115900.0
1878,917,69,1,160800.0
1879,917,61,2,185800.0
1880,918,13,1,127600.0
1881,919,51,1,146800.0
1882,919,18,1,132600.0
1883,920,25,2,89600.0
1884,920,10,2,62800.0
1885,921,49,2,134600.0
1886,922,4,2,185600.0
1887,923,60,1,103200.0
1888,923,18,1,132600.0
1889,924,88,2,26200.0
1890,925,46,1,61700.0
1891,925,59,1,176600.0
1892,925,97,2,105600.0
1893,926,76,1,96900.0
1894,927,59,2,176600.0
1895,927,18,1,132600.0
1896,927,98,2,169400.0
1897,928,3,2,166100.0
1898,928,72,1,154700.0
1899,928,1,1,48200.0
1900,929,10,1,62800.0
1901,929,33,2,182400.0
1902,930,85,2,117900.0
1903,930,80,2,96600.0
1904,931,7,2,123800.0
1905,932,81,2,39100.0
1906,932,77,2,48200.0
1907,933,55,1,160300.0
1908,933,28,1,39700.0
1909,934,95,2,147000.0
1910,935,45,1,44800.0
1911,935,23,2,198400.0
1912,935,37,1,117600.0
1913,936,10,1,62800.0
1914,936,26,1,75700.0
1915,936,17,2,160100.0
1916,937,62,2,86500.0
1917,937,44,1,147100.0
1918,938,49,2,134600.0
1919,939,9,2,179300.0
1920,939,3,1,166100.0
1921,940,57,2,154200.0
1922,941,82,1,174600.0
1923,941,91,2,64800.0
1924,942,86,2,76700.0
1925,943,41,1,148100.0
1926,943,54,2,36400.0
1927,944,24,2,51200.0
1928,944,18,1,132600.0
1929,944,69,2,160800.0
1930,945,20,2,102900.0
1931,945,50,2,96400.0
1932,945,37,2,117600.0
1933,946,81,1,39100.0
1934,946,16,1,124200.0
1935,947,3,2,166100.0
1936,948,14,1,35900.0
1937,948,88,1,26200.0
1938,949,25,2,89600.0
1939,949,51,2,146800.0
1940,950,5,2,45600.0
1941,950,35,2,115900.0
1942,951,7,1,123800.0
1943,951,42,2,120700.0
1944,951,23,1,198400.0
1945,952,53,2,160000.0
1946,952,85,1,117900.0
1947,952,28,1,39700.0
1948,953,29,1,193100.0
1949,953,48,2,190000.0
1950,953,75,2,198800.0
1951,954,45,1,44800.0
1952,954,100,2,111500.0
1953,954,32,1,123200.0
1954,955,2,1,132400.0
1955,955,93,2,184600.0
1956,955,75,2,198800.0
1957,956,15,1,110500.0
1958,957,46,2,61700.0
1959,957,48,1,190000.0
1960,958,52,2,22300.0
1961,958,14,1,35900.0
1962,958,50,1,96400.0
1963,959,66,1,80000.0
1964,960,78,1,65600.0
1965,961,69,2,160800.0
1966,962,11,1,59100.0
1967,962,88,1,26200.0
1968,963,93,2,184600.0
1969,963,85,1,117900.0
1970,963,96,2,155500.0
1971,964,39,1,25100.0
1972,965,26,1,75700.0
1973,965,44,1,147100.0
1974,966,25,2,89600.0
1975,966,88,2,26200.0
1976,966,3,2,166100.0
1977,967,69,2,160800.0
1978,967,88,2,26200.0
1979,967,26,1,75700.0
1980,968,31,2,105100.0
1981,968,87,2,174100.0
1982,968,63,1,75300.0
1983,969,38,2,107900.0
1984,970,35,2,115900.0
1985,970,60,1,103200.0
1986,970,2,1,132400.0
1987,971,96,1,155500.0
1988,971,44,2,147100.0
1989,971,10,1,62800.0
1990,972,20,2,102900.0
1991,972,68,1,187200.0
1992,972,11,2,59100.0
1993,973,91,2,64800.0
1994,973,61,1,185800.0
1995,974,82,1,174600.0
1996,974,39,2,25100.0
1997,975,55,1,160300.0
1998,975,62,2,86500.0
1999,975,43,1,178000.0
2000,976,62,1,86500.0
2001,976,49,2,134600.0
2002,977,71,2,183400.0
2003,978,89,2,70300.0
2004,979,15,2,110500.0
2005,979,38,2,107900.0
2006,979,55,1,160300.0
2007,980,38,1,107900.0
2008,980,36,2,186300.0
2009,981,89,2,70300.0
2010,981,10,2,62800.0
2011,981,16,2,124200.0
2012,982,39,1,25100.0
2013,983,39,1,25100.0
2014,983,63,1,75300.0
2015,984,99,1,192100.0
2016,984,14,1,35900.0
2017,984,10,2,62800.0
2018,985,70,1,93600.0
2019,985,15,2,110500.0
2020,985,67,2,110300.0
2021,986,19,1,36000.0
2022,987,42,2,120700.0
2023,987,68,1,187200.0
2024,988,81,1,39100.0
2025,988,66,1,80000.0
2026,989,60,2,103200.0
2027,989,48,2,190000.0
2028,990,48,1,190000.0
2029,990,94,2,60300.0
2030,990,92,2,173200.0
2031,991,71,1,183400.0
2032,991,51,2,146800.0
2033,991,4,1,185600.0
2034,992,35,1,115900.0
2035,993,58,2,186500.0
2036,994,72,1,154700.0
2037,995,21,2,149700.0
2038,995,49,2,134600.0
2039,995,31,2,105100.0
2040,996,96,1,155500.0
2041,996,89,1,70300.0
2042,996,57,2,154200.0
2043,997,91,2,64800.0
2044,997,39,1,25100.0
2045,997,55,2,160300.0
2046,998,48,2,190000.0
2047,998,78,2,65600.0
2048,998,30,1,174800.0
2049,999,14,2,35900.0
2050,999,2,2,132400.0
2051,999,25,1,89600.0
2052,1000,33,2,182400.0
2053,1000,57,1,154200.0
2054,1000,35,1,115900.0
2055,1001,67,1,110300.0
2056,1001,71,1,183400.0
2057,1001,68,2,187200.0
2058,1002,48,1,190000.0
2059,1002,72,2,154700.0
2060,1002,66,2,80000.0
2061,1003,50,2,96400.0
2062,1004,97,1,105600.0
2063,1004,39,2,25100.0
2064,1004,100,2,111500.0
2065,1005,54,1,36400.0
2066,1006,41,2,148100.0
2067,1006,83,2,134100.0
2068,1007,17,1,160100.0
2069,1008,89,1,70300.0
2070,1008,99,1,192100.0
2071,1009,67,1,110300.0
2072,1009,65,2,163800.0
2073,1009,63,2,75300.0
2074,1010,46,2,61700.0
2075,1010,10,1,62800.0
2076,1010,82,2,174600.0
2077,1011,43,1,178000.0
2078,1011,5,2,45600.0
2079,1012,26,1,75700.0
2080,1012,68,2,187200.0
2081,1012,96,2,155500.0
2082,1013,8,1,158400.0
2083,1014,20,1,102900.0
2084,1014,2,2,132400.0
2085,1014,95,1,147000.0
2086,1015,90,1,123800.0
2087,1015,7,2,123800.0
2088,1016,63,2,75300.0
2089,1016,51,1,146800.0
2090,1017,90,1,123800.0
2091,1018,91,1,64800.0
2092,1019,61,1,185800.0
2093,1020,100,2,111500.0
2094,1021,26,2,75700.0
2095,1022,59,2,176600.0
2096,1023,31,1,105100.0
2097,1023,10,1,62800.0
2098,1023,8,2,158400.0
2099,1024,57,2,154200.0
2100,1024,41,1,148100.0
2101,1025,55,2,160300.0
2102,1025,9,2,179300.0
2103,1025,72,1,154700.0
2104,1026,9,2,179300.0
2105,1026,60,1,103200.0
2106,1026,63,1,75300.0
2107,1027,63,1,75300.0
2108,1028,97,2,105600.0
2109,1029,58,2,186500.0
2110,1029,66,1,80000.0
2111,1030,6,2,92900.0
2112,1030,69,2,160800.0
2113,1031,75,2,198800.0
2114,1031,46,1,61700.0
2115,1031,81,2,39100.0
2116,1032,48,1,190000.0
2117,1032,69,1,160800.0
2118,1032,66,1,80000.0
2119,1033,10,2,62800.0
2120,1033,60,1,103200.0
2121,1034,22,2,86300.0
2122,1034,75,2,198800.0
2123,1035,6,1,92900.0
2124,1035,7,2,123800.0
2125,1036,76,2,96900.0
2126,1037,49,1,134600.0
2127,1037,11,2,59100.0
2128,1037,67,1,110300.0
2129,1038,38,2,107900.0
2130,1038,80,1,96600.0
2131,1039,83,1,134100.0
2132,1039,97,1,105600.0
2133,1039,23,2,198400.0
2134,1040,24,2,51200.0
2135,1041,82,2,174600.0
2136,1042,85,2,117900.0
2137,1042,22,2,86300.0
2138,1042,40,1,69000.0
2139,1043,65,1,163800.0
2140,1043,39,2,25100.0
2141,1044,1,1,48200.0
2142,1044,66,2,80000.0
2143,1045,62,1,86500.0
2144,1046,54,2,36400.0
2145,1046,19,1,36000.0
2146,1047,57,2,154200.0
2147,1048,48,1,190000.0
2148,1048,51,2,146800.0
2149,1049,61,2,185800.0
2150,1050,48,1,190000.0
2151,1051,68,1,187200.0
2152,1052,96,2,155500.0
2153,1053,19,2,36000.0
2154,1054,58,2,186500.0
2155,1055,1,1,48200.0
2156,1055,84,2,119500.0
2157,1056,31,1,105100.0
2158,1057,51,1,146800.0
2159,1057,40,1,69000.0
2160,1058,27,2,101200.0
2161,1058,94,2,60300.0
2162,1058,39,2,25100.0
2163,1059,23,1,198400.0
2164,1059,13,2,127600.0
2165,1059,98,1,169400.0
2166,1060,45,2,44800.0
2167,1060,41,2,148100.0
2168,1060,59,2,176600.0
2169,1061,60,2,103200.0
2170,1061,12,2,56800.0
2171,1062,62,1,86500.0
2172,1062,9,1,179300.0
2173,1062,87,1,174100.0
2174,1063,26,1,75700.0
2175,1063,54,1,36400.0
2176,1063,79,1,178900.0
2177,1064,39,1,25100.0
2178,1065,21,1,149700.0
2179,1065,93,1,184600.0
2180,1065,41,2,148100.0
2181,1066,44,2,147100.0
2182,1066,15,2,110500.0
2183,1066,80,2,96600.0
2184,1067,34,2,23800.0
2185,1067,55,1,160300.0
2186,1068,5,1,45600.0
2187,1068,34,1,23800.0
2188,1068,47,2,198600.0
2189,1069,100,2,111500.0
2190,1069,22,1,86300.0
2191,1070,54,1,36400.0
2192,1071,89,2,70300.0
2193,1072,66,2,80000.0
2194,1072,34,1,23800.0
2195,1072,73,1,64500.0
2196,1073,43,2,178000.0
2197,1074,52,1,22300.0
2198,1074,23,1,198400.0
2199,1074,14,1,35900.0
2200,1075,87,1,174100.0
2201,1076,76,1,96900.0
2202,1076,3,1,166100.0
2203,1076,13,1,127600.0
2204,1077,70,2,93600.0
2205,1077,41,2,148100.0
2206,1078,41,1,148100.0
2207,1078,50,1,96400.0
2208,1079,84,1,119500.0
2209,1079,17,1,160100.0
2210,1079,40,1,69000.0
2211,1080,42,1,120700.0
2212,1081,48,1,190000.0
2213,1081,36,1,186300.0
2214,1081,73,1,64500.0
2215,1082,91,2,64800.0
2216,1083,67,2,110300.0
2217,1083,97,1,105600.0
2218,1084,10,1,62800.0
2219,1084,27,2,101200.0
2220,1084,19,2,36000.0
2221,1085,48,1,190000.0
2222,1085,73,2,64500.0
2223,1085,71,1,183400.0
2224,1086,8,2,158400.0
2225,1087,65,1,163800.0
2226,1088,43,2,178000.0
2227,1088,67,2,110300.0
2228,1088,51,2,146800.0
2229,1089,92,2,173200.0
2230,1089,59,2,176600.0
2231,1089,12,1,56800.0
2232,1090,89,2,70300.0
2233,1090,50,1,96400.0
2234,1090,25,1,89600.0
2235,1091,40,2,69000.0
2236,1091,56,2,131400.0
2237,1092,61,2,185800.0
2238,1092,74,1,93000.0
2239,1092,71,2,183400.0
2240,1093,45,2,44800.0
2241,1093,87,2,174100.0
2242,1093,72,1,154700.0
2243,1094,55,1,160300.0
2244,1094,7,1,123800.0
2245,1095,33,2,182400.0
2246,1095,89,2,70300.0
2247,1096,81,2,39100.0
2248,1096,76,2,96900.0
2249,1096,96,1,155500.0
2250,1097,6,1,92900.0
2251,1097,17,2,160100.0
2252,1098,6,1,92900.0
2253,1098,14,1,35900.0
2254,1099,62,1,86500.0
2255,1099,29,1,193100.0
2256,1099,93,2,184600.0
2257,1100,66,1,80000.0
2258,1100,34,2,23800.0
2259,1101,47,2,198600.0
2260,1102,43,1,178000.0
2261,1102,3,2,166100.0
2262,1102,13,2,127600.0
2263,1103,79,1,178900.0
2264,1103,8,2,158400.0
2265,1104,56,2,131400.0
2266,1104,53,1,160000.0
2267,1105,22,1,86300.0
2268,1105,96,1,155500.0
2269,1106,61,1,185800.0
2270,1106,5,2,45600.0
2271,1107,75,1,198800.0
2272,1108,62,2,86500.0
2273,1109,51,1,146800.0
2274,1109,62,1,86500.0
2275,1109,16,1,124200.0
2276,1110,62,2,86500.0
2277,1110,90,1,123800.0
2278,1111,3,1,166100.0
2279,1111,34,1,23800.0
2280,1111,64,2,46700.0
2281,1112,64,2,46700.0
2282,1112,47,1,198600.0
2283,1113,39,1,25100.0
2284,1113,69,1,160800.0
2285,1113,72,2,154700.0
2286,1114,39,2,25100.0
2287,1114,47,1,198600.0
2288,1114,82,2,174600.0
2289,1115,22,1,86300.0
2290,1115,60,1,103200.0
2291,1116,22,2,86300.0
2292,1116,26,1,75700.0
2293,1116,56,2,131400.0
2294,1117,31,1,105100.0
2295,1117,17,1,160100.0
2296,1118,93,1,184600.0
2297,1119,69,2,160800.0
2298,1119,99,1,192100.0
2299,1120,29,2,193100.0
2300,1120,54,2,36400.0
2301,1121,79,1,178900.0
2302,1122,43,1,178000.0
2303,1122,93,1,184600.0
2304,1122,9,1,179300.0
2305,1123,40,2,69000.0
2306,1123,75,2,198800.0
2307,1124,87,1,174100.0
2308,1124,43,2,178000.0
2309,1125,68,2,187200.0
2310,1125,37,1,117600.0
2311,1126,30,2,174800.0
2312,1126,82,2,174600.0
2313,1126,18,1,132600.0
2314,1127,78,2,65600.0
2315,1127,17,2,160100.0
2316,1128,32,1,123200.0
2317,1129,12,1,56800.0
2318,1130,60,2,103200.0
2319,1131,56,2,131400.0
2320,1131,2,2,132400.0
2321,1131,32,2,123200.0
2322,1132,64,2,46700.0
2323,1133,29,1,193100.0
2324,1133,30,1,174800.0
2325,1134,44,2,147100.0
2326,1134,50,2,96400.0
2327,1134,44,2,147100.0
2328,1135,42,1,120700.0
2329,1136,12,2,56800.0
2330,1136,57,2,154200.0
2331,1137,71,1,183400.0
2332,1137,63,2,75300.0
2333,1138,9,2,179300.0
2334,1138,11,1,59100.0
2335,1138,26,1,75700.0
2336,1139,65,1,163800.0
2337,1140,58,1,186500.0
2338,1140,62,2,86500.0
2339,1140,38,2,107900.0
2340,1141,47,1,198600.0
2341,1141,86,2,76700.0
2342,1142,69,1,160800.0
2343,1142,19,2,36000.0
2344,1142,13,2,127600.0
2345,1143,52,1,22300.0
2346,1144,35,2,115900.0
2347,1144,76,1,96900.0
2348,1145,13,1,127600.0
2349,1146,80,1,96600.0
2350,1147,75,2,198800.0
2351,1147,49,1,134600.0
2352,1147,47,1,198600.0
2353,1148,39,2,25100.0
2354,1149,64,2,46700.0
2355,1149,56,1,131400.0
2356,1150,25,1,89600.0
2357,1151,42,2,120700.0
2358,1152,63,1,75300.0
2359,1152,12,2,56800.0
2360,1153,16,2,124200.0
2361,1154,9,1,179300.0
2362,1155,19,1,36000.0
2363,1155,42,2,120700.0
2364,1156,11,1,59100.0
2365,1156,5,2,45600.0
2366,1156,37,1,117600.0
2367,1157,49,2,134600.0
2368,1158,37,2,117600.0
2369,1158,4,2,185600.0
2370,1159,52,2,22300.0
2371,1159,43,2,178000.0
2372,1159,70,1,93600.0
2373,1160,70,1,93600.0
2374,1160,61,1,185800.0
2375,1160,85,2,117900.0
2376,1161,12,1,56800.0
2377,1162,30,1,174800.0
2378,1163,84,2,119500.0
2379,1164,73,1,64500.0
2380,1165,52,1,22300.0
2381,1165,93,1,184600.0
2382,1166,93,1,184600.0
2383,1167,6,2,92900.0
2384,1167,79,2,178900.0
2385,1167,48,1,190000.0
2386,1168,9,1,179300.0
2387,1168,10,1,62800.0
2388,1169,69,2,160800.0
2389,1169,43,1,178000.0
2390,1170,100,1,111500.0
2391,1170,37,2,117600.0
2392,1170,45,2,44800.0
2393,1171,80,1,96600.0
2394,1171,49,2,134600.0
2395,1171,8,1,158400.0
2396,1172,84,1,119500.0
2397,1172,83,2,134100.0
2398,1172,65,1,163800.0
2399,1173,25,1,89600.0
2400,1173,18,2,132600.0
2401,1174,75,1,198800.0
2402,1175,87,2,174100.0
2403,1175,38,2,107900.0
2404,1176,87,1,174100.0
2405,1176,67,1,110300.0
2406,1176,87,1,174100.0
2407,1177,70,1,93600.0
2408,1178,13,1,127600.0
2409,1179,10,1,62800.0
2410,1180,92,1,173200.0
2411,1180,13,1,127600.0
2412,1180,54,1,36400.0
2413,1181,3,2,166100.0
2414,1182,42,1,120700.0
2415,1182,51,1,146800.0
2416,1182,18,1,132600.0
2417,1183,25,2,89600.0
2418,1183,9,1,179300.0
2419,1184,18,2,132600.0
2420,1184,95,2,147000.0
2421,1185,33,1,182400.0
2422,1185,16,2,124200.0
2423,1185,25,2,89600.0
2424,1186,50,2,96400.0
2425,1186,12,2,56800.0
2426,1187,61,1,185800.0
2427,1188,30,1,174800.0
2428,1188,20,1,102900.0
2429,1188,48,1,190000.0
2430,1189,25,1,89600.0
2431,1189,71,1,183400.0
2432,1190,8,2,158400.0
2433,1190,66,2,80000.0
2434,1191,51,2,146800.0
2435,1191,70,2,93600.0
2436,1192,50,2,96400.0
2437,1192,69,1,160800.0
2438,1192,12,2,56800.0
2439,1193,62,1,86500.0
2440,1194,12,2,56800.0
2441,1195,92,1,173200.0
2442,1195,44,2,147100.0
2443,1195,53,1,160000.0
2444,1196,90,1,123800.0
2445,1196,53,1,160000.0
2446,1197,10,2,62800.0
2447,1197,64,2,46700.0
2448,1198,10,2,62800.0
2449,1198,14,2,35900.0
2450,1198,100,1,111500.0
2451,1199,36,2,186300.0
2452,1199,22,2,86300.0
2453,1199,28,2,39700.0
2454,1200,12,1,56800.0
2455,1200,39,2,25100.0
2456,1200,25,1,89600.0
2457,1201,51,1,146800.0
2458,1202,67,1,110300.0
2459,1202,100,2,111500.0
2460,1202,58,2,186500.0
2461,1203,35,1,115900.0
2462,1203,90,2,123800.0
2463,1203,18,1,132600.0
2464,1204,94,1,60300.0
2465,1205,47,1,198600.0
2466,1205,6,1,92900.0
2467,1206,12,1,56800.0
2468,1206,3,2,166100.0
2469,1207,57,1,154200.0
2470,1207,60,2,103200.0
2471,1207,35,2,115900.0
2472,1208,37,1,117600.0
2473,1208,90,1,123800.0
2474,1208,4,1,185600.0
2475,1209,67,1,110300.0
2476,1209,47,1,198600.0
2477,1210,10,2,62800.0
2478,1210,38,1,107900.0
2479,1211,97,2,105600.0
2480,1211,46,1,61700.0
2481,1212,34,1,23800.0
2482,1212,48,2,190000.0
2483,1212,6,2,92900.0
2484,1213,98,2,169400.0
2485,1213,37,2,117600.0
2486,1213,5,1,45600.0
2487,1214,41,1,148100.0
2488,1214,9,1,179300.0
2489,1214,13,2,127600.0
2490,1215,47,2,198600.0
2491,1216,10,1,62800.0
2492,1216,83,2,134100.0
2493,1216,10,1,62800.0
2494,1217,3,2,166100.0
2495,1217,98,2,169400.0
2496,1218,36,1,186300.0
2497,1218,88,2,26200.0
2498,1218,4,1,185600.0
2499,1219,80,2,96600.0
2500,1220,60,1,103200.0
2501,1221,41,2,148100.0
2502,1221,93,1,184600.0
2503,1222,64,2,46700.0
2504,1222,27,2,101200.0
2505,1223,43,1,178000.0
2506,1223,28,1,39700.0
2507,1224,26,1,75700.0
2508,1224,100,1,111500.0
2509,1225,61,1,185800.0
2510,1226,32,1,123200.0
2511,1226,65,2,163800.0
2512,1227,27,2,101200.0
2513,1228,33,2,182400.0
2514,1229,44,2,147100.0
2515,1229,52,1,22300.0
2516,1229,60,1,103200.0
2517,1230,56,1,131400.0
2518,1231,27,2,101200.0
2519,1231,3,2,166100.0
2520,1231,8,1,158400.0
2521,1232,37,1,117600.0
2522,1232,19,2,36000.0
2523,1232,49,2,134600.0
2524,1233,11,1,59100.0
2525,1233,87,2,174100.0
2526,1234,35,2,115900.0
2527,1235,43,1,178000.0
2528,1236,56,2,131400.0
2529,1236,63,1,75300.0
2530,1236,45,2,44800.0
2531,1237,19,1,36000.0
2532,1237,8,1,158400.0
2533,1238,45,1,44800.0
2534,1238,39,1,25100.0
2535,1238,20,1,102900.0
2536,1239,25,1,89600.0
2537,1239,44,2,147100.0
2538,1240,47,1,198600.0
2539,1241,3,1,166100.0
2540,1241,24,2,51200.0
2541,1242,88,1,26200.0
2542,1243,42,1,120700.0
2543,1243,91,2,64800.0
2544,1244,59,2,176600.0
2545,1245,96,1,155500.0
2546,1245,92,1,173200.0
2547,1246,35,2,115900.0
2548,1247,50,1,96400.0
2549,1248,77,2,48200.0
2550,1248,6,2,92900.0
2551,1248,30,1,174800.0
2552,1249,34,2,23800.0
2553,1249,55,2,160300.0
2554,1249,55,1,160300.0
2555,1250,12,1,56800.0
2556,1250,78,2,65600.0
2557,1250,22,1,86300.0
2558,1251,73,1,64500.0
2559,1251,71,2,183400.0
2560,1252,58,2,186500.0
2561,1252,51,1,146800.0
2562,1252,28,2,39700.0
2563,1253,19,1,36000.0
2564,1253,30,1,174800.0
2565,1254,10,2,62800.0
2566,1255,42,1,120700.0
2567,1255,2,2,132400.0
2568,1256,17,2,160100.0
2569,1256,37,2,117600.0
2570,1257,100,2,111500.0
2571,1258,49,1,134600.0
2572,1258,76,2,96900.0
2573,1258,91,2,64800.0
2574,1259,95,1,147000.0
2575,1259,53,1,160000.0
2576,1259,55,2,160300.0
2577,1260,97,2,105600.0
2578,1260,56,1,131400.0
2579,1261,54,1,36400.0
2580,1261,56,2,131400.0
2581,1262,17,1,160100.0
2582,1262,49,1,134600.0
2583,1263,16,2,124200.0
2584,1263,55,2,160300.0
2585,1264,90,1,123800.0
2586,1265,32,2,123200.0
2587,1266,56,1,131400.0
2588,1266,3,2,166100.0
2589,1267,13,2,127600.0
2590,1267,28,2,39700.0
2591,1267,11,1,59100.0
2592,1268,35,1,115900.0
2593,1269,7,1,123800.0
2594,1270,55,1,160300.0
2595,1270,79,1,178900.0
2596,1271,16,1,124200.0
2597,1272,97,1,105600.0
2598,1273,53,2,160000.0
2599,1273,36,2,186300.0
2600,1273,16,2,124200.0
2601,1274,2,1,132400.0
2602,1274,94,1,60300.0
2603,1275,78,2,65600.0
2604,1275,28,1,39700.0
2605,1276,68,2,187200.0
2606,1277,57,1,154200.0
2607,1278,3,1,166100.0
2608,1279,31,2,105100.0
2609,1279,27,2,101200.0
2610,1280,84,2,119500.0
2611,1280,19,2,36000.0
2612,1281,11,1,59100.0
2613,1282,2,1,132400.0
2614,1282,60,1,103200.0
2615,1282,58,1,186500.0
2616,1283,58,2,186500.0
2617,1284,27,2,101200.0
2618,1284,6,1,92900.0
2619,1285,55,1,160300.0
2620,1286,12,2,56800.0
2621,1287,74,1,93000.0
2622,1287,78,1,65600.0
2623,1287,81,2,39100.0
2624,1288,42,1,120700.0
2625,1289,76,1,96900.0
2626,1290,73,2,64500.0
2627,1290,52,2,22300.0
2628,1291,5,2,45600.0
2629,1292,36,2,186300.0
2630,1292,12,1,56800.0
2631,1293,61,2,185800.0
2632,1293,4,1,185600.0
2633,1294,99,1,192100.0
2634,1294,53,2,160000.0
2635,1295,62,2,86500.0
2636,1296,21,1,149700.0
2637,1296,26,1,75700.0
2638,1297,11,1,59100.0
2639,1297,1,1,48200.0
2640,1297,64,2,46700.0
2641,1298,94,2,60300.0
2642,1299,72,1,154700.0
2643,1300,4,1,185600.0
2644,1301,17,1,160100.0
2645,1301,63,1,75300.0
2646,1301,69,2,160800.0
2647,1302,73,2,64500.0
2648,1302,72,1,154700.0
2649,1303,44,2,147100.0
2650,1304,16,2,124200.0
2651,1304,2,2,132400.0
2652,1304,4,1,185600.0
2653,1305,11,1,59100.0
2654,1306,47,2,198600.0
2655,1307,8,1,158400.0
2656,1307,66,1,80000.0
2657,1308,42,2,120700.0
2658,1309,46,2,61700.0
2659,1309,57,1,154200.0
2660,1309,57,2,154200.0
2661,1310,11,1,59100.0
2662,1310,50,2,96400.0
2663,1311,39,1,25100.0
2664,1311,3,2,166100.0
2665,1312,3,1,166100.0
2666,1312,16,1,124200.0
2667,1313,52,1,22300.0
2668,1313,75,1,198800.0
2669,1313,46,2,61700.0
2670,1314,23,1,198400.0
2671,1314,65,1,163800.0
2672,1315,92,1,173200.0
2673,1315,66,1,80000.0
2674,1316,9,2,179300.0
2675,1317,95,1,147000.0
2676,1317,60,2,103200.0
2677,1318,45,1,44800.0
2678,1318,79,2,178900.0
2679,1318,40,1,69000.0
2680,1319,38,2,107900.0
2681,1319,98,2,169400.0
2682,1320,76,2,96900.0
2683,1320,88,2,26200.0
2684,1320,6,2,92900.0
2685,1321,61,2,185800.0
2686,1321,2,2,132400.0
2687,1321,21,2,149700.0
2688,1322,80,1,96600.0
2689,1323,15,2,110500.0
2690,1324,90,2,123800.0
2691,1324,24,2,51200.0
2692,1324,76,2,96900.0
2693,1325,83,2,134100.0
2694,1326,18,1,132600.0
2695,1326,48,2,190000.0
2696,1327,57,1,154200.0
2697,1328,10,2,62800.0
2698,1329,17,1,160100.0
2699,1329,49,2,134600.0
2700,1330,82,2,174600.0
2701,1330,51,2,146800.0
2702,1331,59,1,176600.0
2703,1332,100,2,111500.0
2704,1333,57,2,154200.0
2705,1334,14,2,35900.0
2706,1334,31,2,105100.0
2707,1335,1,2,48200.0
2708,1335,5,2,45600.0
2709,1336,99,2,192100.0
2710,1336,27,2,101200.0
2711,1336,22,1,86300.0
2712,1337,12,1,56800.0
2713,1338,43,2,178000.0
2714,1338,99,1,192100.0
2715,1338,25,1,89600.0
2716,1339,52,1,22300.0
2717,1339,65,1,163800.0
2718,1340,48,1,190000.0
2719,1340,30,1,174800.0
2720,1340,53,2,160000.0
2721,1341,43,2,178000.0
2722,1341,36,2,186300.0
2723,1341,63,2,75300.0
2724,1342,86,2,76700.0
2725,1343,60,2,103200.0
2726,1344,54,2,36400.0
2727,1344,86,1,76700.0
2728,1344,45,1,44800.0
2729,1345,73,2,64500.0
2730,1345,12,2,56800.0
2731,1345,90,1,123800.0
2732,1346,30,2,174800.0
2733,1347,69,1,160800.0
2734,1348,92,2,173200.0
2735,1348,91,1,64800.0
2736,1348,31,1,105100.0
2737,1349,13,2,127600.0
2738,1349,10,2,62800.0
2739,1350,76,1,96900.0
2740,1351,88,1,26200.0
2741,1352,75,1,198800.0
2742,1352,45,1,44800.0
2743,1353,61,1,185800.0
2744,1354,30,2,174800.0
2745,1355,58,1,186500.0
2746,1355,10,1,62800.0
2747,1356,10,2,62800.0
2748,1357,19,1,36000.0
2749,1358,72,2,154700.0
2750,1358,65,1,163800.0
2751,1359,22,2,86300.0
2752,1360,60,1,103200.0
2753,1360,33,1,182400.0
2754,1361,67,1,110300.0
2755,1362,26,2,75700.0
2756,1362,73,1,64500.0
2757,1362,91,2,64800.0
2758,1363,69,1,160800.0
2759,1363,47,1,198600.0
2760,1364,50,2,96400.0
2761,1365,15,2,110500.0
2762,1365,73,2,64500.0
2763,1365,82,1,174600.0
2764,1366,33,2,182400.0
2765,1367,91,2,64800.0
2766,1367,92,1,173200.0
2767,1368,87,2,174100.0
2768,1369,34,2,23800.0
2769,1370,68,2,187200.0
2770,1370,80,2,96600.0
2771,1370,24,2,51200.0
2772,1371,30,1,174800.0
2773,1371,100,2,111500.0
2774,1372,44,1,147100.0
2775,1372,36,2,186300.0
2776,1372,4,1,185600.0
2777,1373,73,2,64500.0
2778,1373,71,2,183400.0
2779,1373,84,1,119500.0
2780,1374,6,2,92900.0
2781,1374,32,2,123200.0
2782,1375,98,1,169400.0
2783,1376,19,2,36000.0
2784,1377,76,2,96900.0
2785,1377,42,1,120700.0
2786,1377,34,1,23800.0
2787,1378,83,2,134100.0
2788,1378,39,1,25100.0
2789,1378,71,2,183400.0
2790,1379,10,2,62800.0
2791,1380,9,2,179300.0
2792,1380,41,1,148100.0
2793,1381,76,2,96900.0
2794,1381,25,1,89600.0
2795,1382,13,1,127600.0
2796,1382,6,1,92900.0
2797,1382,8,1,158400.0
2798,1383,40,2,69000.0
2799,1383,100,2,111500.0
2800,1384,37,2,117600.0
2801,1384,30,2,174800.0
2802,1385,37,2,117600.0
2803,1386,23,1,198400.0
2804,1386,12,2,56800.0
2805,1387,85,2,117900.0
2806,1387,69,2,160800.0
2807,1387,56,1,131400.0
2808,1388,86,1,76700.0
2809,1389,21,2,149700.0
2810,1389,59,1,176600.0
2811,1390,22,1,86300.0
2812,1390,43,1,178000.0
2813,1391,46,1,61700.0
2814,1392,81,1,39100.0
2815,1393,70,1,93600.0
2816,1393,49,1,134600.0
2817,1393,74,1,93000.0
2818,1394,76,1,96900.0
2819,1395,87,2,174100.0
2820,1395,57,1,154200.0
2821,1395,76,1,96900.0
2822,1396,39,1,25100.0
2823,1396,45,2,44800.0
2824,1397,58,2,186500.0
2825,1397,29,1,193100.0
2826,1398,82,1,174600.0
2827,1399,5,1,45600.0
2828,1399,34,1,23800.0
2829,1399,81,1,39100.0
2830,1400,8,2,158400.0
2831,1400,59,2,176600.0
2832,1400,72,2,154700.0
2833,1401,2,1,132400.0
2834,1401,78,1,65600.0
2835,1402,7,1,123800.0
2836,1403,9,1,179300.0
2837,1403,48,1,190000.0
2838,1404,84,2,119500.0
2839,1404,34,2,23800.0
2840,1405,18,1,132600.0
2841,1406,87,2,174100.0
2842,1406,1,2,48200.0
2843,1406,89,1,70300.0
2844,1407,78,1,65600.0
2845,1408,25,1,89600.0
2846,1409,69,1,160800.0
2847,1409,84,1,119500.0
2848,1409,1,1,48200.0
2849,1410,25,1,89600.0
2850,1411,2,1,132400.0
2851,1412,29,1,193100.0
2852,1412,29,2,193100.0
2853,1412,91,2,64800.0
2854,1413,87,1,174100.0
2855,1413,91,1,64800.0
2856,1413,49,1,134600.0
2857,1414,7,1,123800.0
2858,1414,51,2,146800.0
2859,1415,53,2,160000.0
2860,1415,24,1,51200.0
2861,1415,85,1,117900.0
2862,1416,41,2,148100.0
2863,1417,63,1,75300.0
2864,1417,42,2,120700.0
2865,1417,8,2,158400.0
2866,1418,32,2,123200.0
2867,1419,48,2,190000.0
2868,1419,94,2,60300.0
2869,1419,22,2,86300.0
2870,1420,86,2,76700.0
2871,1420,31,2,105100.0
2872,1420,56,1,131400.0
2873,1421,18,2,132600.0
2874,1421,56,2,131400.0
2875,1421,38,2,107900.0
2876,1422,92,2,173200.0
2877,1422,25,2,89600.0
2878,1422,24,2,51200.0
2879,1423,84,2,119500.0
2880,1423,86,2,76700.0
2881,1424,30,2,174800.0
2882,1425,97,1,105600.0
2883,1425,96,1,155500.0
2884,1425,19,2,36000.0
2885,1426,66,2,80000.0
2886,1427,11,1,59100.0
2887,1427,60,1,103200.0
2888,1428,20,2,102900.0
2889,1428,77,2,48200.0
2890,1428,12,1,56800.0
2891,1429,44,1,147100.0
2892,1430,57,2,154200.0
2893,1431,80,1,96600.0
2894,1431,59,2,176600.0
2895,1431,35,1,115900.0
2896,1432,30,1,174800.0
2897,1432,32,2,123200.0
2898,1432,64,1,46700.0
2899,1433,6,1,92900.0
2900,1433,35,2,115900.0
2901,1434,41,2,148100.0
2902,1435,70,1,93600.0
2903,1436,73,1,64500.0
2904,1436,83,2,134100.0
2905,1436,45,1,44800.0
2906,1437,100,1,111500.0
2907,1437,67,2,110300.0
2908,1438,84,2,119500.0
2909,1439,60,2,103200.0
2910,1439,86,1,76700.0
2911,1440,56,2,131400.0
2912,1441,21,1,149700.0
2913,1442,33,2,182400.0
2914,1443,81,2,39100.0
2915,1443,31,1,105100.0
2916,1444,48,1,190000.0
2917,1445,9,2,179300.0
2918,1445,80,1,96600.0
2919,1445,65,1,163800.0
2920,1446,65,1,163800.0
2921,1446,26,2,75700.0
2922,1446,62,2,86500.0
2923,1447,28,2,39700.0
2924,1447,38,2,107900.0
2925,1447,90,1,123800.0
2926,1448,28,2,39700.0
2927,1448,86,2,76700.0
2928,1448,28,2,39700.0
2929,1449,77,1,48200.0
2930,1449,46,2,61700.0
2931,1449,23,2,198400.0
2932,1450,63,2,75300.0
2933,1451,25,1,89600.0
2934,1451,1,1,48200.0
2935,1452,99,2,192100.0
2936,1452,84,1,119500.0
2937,1453,65,1,163800.0
2938,1454,62,2,86500.0
2939,1454,85,2,117900.0
2940,1454,70,1,93600.0
2941,1455,75,2,198800.0
2942,1455,53,2,160000.0
2943,1455,20,1,102900.0
2944,1456,39,2,25100.0
2945,1456,61,2,185800.0
2946,1456,5,1,45600.0
2947,1457,82,1,174600.0
2948,1458,74,2,93000.0
2949,1459,76,2,96900.0
2950,1460,87,2,174100.0
2951,1461,65,2,163800.0
2952,1462,80,2,96600.0
2953,1462,59,2,176600.0
2954,1462,97,2,105600.0
2955,1463,65,1,163800.0
2956,1463,24,1,51200.0
2957,1463,15,2,110500.0
2958,1464,49,1,134600.0
2959,1465,63,2,75300.0
2960,1465,41,2,148100.0
2961,1465,71,2,183400.0
2962,1466,43,1,178000.0
2963,1466,87,2,174100.0
2964,1467,96,2,155500.0
2965,1468,77,1,48200.0
2966,1468,90,1,123800.0
2967,1469,23,1,198400.0
2968,1470,11,1,59100.0
2969,1471,8,2,158400.0
2970,1471,15,2,110500.0
2971,1472,50,2,96400.0
2972,1473,4,2,185600.0
2973,1473,79,2,178900.0
2974,1473,51,1,146800.0
2975,1474,56,1,131400.0
2976,1475,42,2,120700.0
2977,1475,20,2,102900.0
2978,1476,59,1,176600.0
2979,1476,54,1,36400.0
2980,1476,84,1,119500.0
2981,1477,22,2,86300.0
2982,1477,48,1,190000.0
2983,1478,73,1,64500.0
2984,1479,81,1,39100.0
2985,1479,47,2,198600.0
2986,1480,70,2,93600.0
2987,1480,4,1,185600.0
2988,1481,30,2,174800.0
2989,1481,81,2,39100.0
2990,1481,11,1,59100.0
2991,1482,30,2,174800.0
2992,1483,94,1,60300.0
2993,1483,32,1,123200.0
2994,1484,41,1,148100.0
2995,1484,49,1,134600.0
2996,1485,89,1,70300.0
2997,1485,1,2,48200.0
2998,1486,1,1,48200.0
2999,1486,86,2,76700.0
3000,1487,54,2,36400.0
3001,1488,21,2,149700.0
3002,1488,66,1,80000.0
3003,1489,94,1,60300.0
3004,1489,3,2,166100.0
3005,1490,74,2,93000.0
3006,1490,71,1,183400.0
3007,1491,31,2,105100.0
3008,1491,43,1,178000.0
3009,1491,40,2,69000.0
3010,1492,58,1,186500.0
3011,1492,89,1,70300.0
3012,1492,1,1,48200.0
3013,1493,68,1,187200.0
3014,1493,94,2,60300.0
3015,1493,13,2,127600.0
3016,1494,10,1,62800.0
3017,1495,61,2,185800.0
3018,1495,9,1,179300.0
3019,1495,70,1,93600.0
3020,1496,94,2,60300.0
3021,1496,59,2,176600.0
3022,1496,53,2,160000.0
3023,1497,67,2,110300.0
3024,1498,80,2,96600.0
3025,1498,66,1,80000.0
3026,1499,16,1,124200.0
3027,1499,79,2,178900.0
3028,1499,100,2,111500.0
3029,1500,6,2,92900.0
3030,1500,26,1,75700.0
3031,1500,89,2,70300.0
